Anger	Level	Required level	Strength	Intelligence	Radius	Fire Damage	Exp.					
	1	10	18	N/A	N/A	5-9	9569					
	2	13	22	15	3%	7-11	18908					
	3	16	26	18	6%	8-14	33871					
	4	19	30	21	9%	10-16	56446					
	5	22	34	24	12%	12-20	89302					
	6	25	38	26	15%	14-23	135415					
	7	28	42	29	18%	16-27	283759					
	8	32	47	33	21%	20-33	453996					
	9	36	53	37	23%	24-41	703128					
	10	40	58	40	25%	29-49	1061223					
	11	44	63	44	27%	35-58	1570760					
	12	47	67	47	29%	40-67	2286879					
	13	50	71	49	31%	45-76	3289072					
	14	53	75	52	33%	52-86	3351223					
	15	56	79	55	35%	58-97	9935033					
	16	59	83	58	36%	66-110	21343930					
	17	62	87	60	37%	74-124	50689250					
	18	64	90	62	38%	80-134	90043412					
	19	66	92	64	39%	87-145	147026187					
	20	68	95	66	40%	94-156	N/A					
Animate Guardian	Level	Required level	Strength	Intelligence	Mana Cost	Item Level	Minion Life	Melee Physical Damage	Exp.			
	1	10	18	N/A	15	15	0	0	9569			
	2	13	22	15	18	18	4	4	18908			
	3	16	26	18	20	21	8	8	33871			
	4	19	30	21	22	24	12	12	56446			
	5	22	34	24	24	27	16	16	89302			
	6	25	38	26	26	30	20	20	135415			
	7	28	42	29	28	33	24	24	283759			
	8	32	47	33	31	37	28	28	453996			
	9	36	53	37	34	41	32	32	703128			
	10	40	58	40	37	45	36	36	1061223			
	11	44	63	44	40	49	40	40	1570760			
	12	47	67	47	42	53	44	44	2286879			
	13	50	71	49	44	57	48	48	3289072			
	14	53	75	52	46	61	52	52	3351223			
	15	56	79	55	49	65	56	56	9935033			
	16	59	83	58	51	68	60	60	21343930			
	17	62	87	60	53	72	64	64	50689250			
	18	64	90	62	54	76	68	68	90043412			
	19	66	92	64	56	79	72	72	147026187			
	20	68	95	66	57	100	76	76	N/A			
Cleave	Level	Required level	Strength	Dexterity	Mana Cost	Physical Damage	Exp.					
	1	1	N/A	N/A	7	N/A	70					
	2	2	N/A	N/A	7	4%	308					
	3	4	N/A	N/A	7	8%	2560					
	4	8	15	N/A	7	12%	8813					
	5	12	21	14	7	16%	22895					
	6	16	26	18	8	20%	68427					
	7	21	33	23	8	24%	150439					
	8	26	39	27	8	28%	581328					
	9	32	47	33	8	32%	566989					
	10	38	55	38	8	36%	1143783					
	11	42	61	42	9	40%	1426490					
	12	46	66	46	9	44%	2737323					
	13	49	70	48	9	48%	3289072					
	14	52	74	51	9	52%	3351223					
	15	55	78	54	9	56%	9936267					
	16	58	82	57	10	60%	21346397					
	17	61	86	60	10	64%	50694186					
	18	64	90	62	10	68%	90050815					
	19	66	92	64	10	72%	147034823					
	20	68	95	66	10	76%	N/A					
Decoy Totem	Level	Required level	Strength	Mana Cost	Duration	Life	Exp.					
	1	4	16	11	15.0s	N/A	841					
	2	6	20	12	16.0s	2%	3099					
	3	9	27	16	17.0s	4%	7433					
	4	12	33	17	18.0s	6%	15249					
	5	15	39	20	19.0s	8%	41517					
	6	19	48	24	20.0s	10%	81983					
	7	23	56	27	20.0s	12%	199180					
	8	28	67	30	21.0s	14%	604431					
	9	33	77	33	22.0s	16%	631832					
	10	39	90	38	23.0s	18%	959669					
	11	43	98	41	24.0s	20%	1426490					
	12	46	104	44	25.0s	22%	2737323					
	13	49	111	46	25.0s	24%	3289072					
	14	52	117	48	26.0s	26%	3351223					
	15	55	123	49	27.0s	28%	9936192					
	16	58	130	51	28.0s	30%	21346246					
	17	61	136	52	29.0s	32%	50693883					
	18	64	142	53	30.0s	34%	90050361					
	19	66	146	54	31.0s	36%	147034294					
	20	68	151	55	32.0s	38%	N/A					
Determination	Level	Required level	Strength	Radius	Armour	Exp.						
	1	31	73	N/A	32%	179320						
	2	33	77	3%	33%	225766						
	3	35	81	6%	34%	282073						
	4	37	85	9%	35%	349759						
	5	39	90	12%	36%	431204						
	6	41	94	15%	37%	528465						
	7	43	98	18%	38%	644165						
	8	45	102	21%	39%	782325						
	9	47	106	23%	40%	945554						
	10	49	111	25%	41%	1138877						
	11	51	115	27%	42%	1368233						
	12	53	119	29%	43%	1638338						
	13	55	123	31%	44%	1956648						
	14	57	127	33%	45%	2329968						
	15	59	132	35%	46%	9826462						
	16	61	136	36%	47%	21126787						
	17	63	140	37%	48%	50254966						
	18	65	144	38%	49%	89391985						
	19	67	148	39%	50%	146266188						
	20	69	153	40%	51%	N/A						
Devouring Totem	Level	Required level	Strength	Mana Cost	Life Leech	Mana Leech	Exp.					
	1	31	73	40	50	17	179320					
	2	33	77	42	57	19	225766					
	3	35	81	44	63	21	282073					
	4	37	85	46	70	22	349759					
	5	39	90	48	77	24	431204					
	6	41	94	50	85	25	528465					
	7	43	98	52	93	27	644165					
	8	45	102	54	103	29	782325					
	9	47	106	56	113	31	945554					
	10	49	111	58	124	33	1138877					
	11	51	115	60	136	35	1368233					
	12	53	119	61	149	37	1638338					
	13	55	123	62	163	40	1956648					
	14	57	127	63	178	42	2329968					
	15	59	132	64	195	45	9826462					
	16	61	136	65	213	47	21126787					
	17	63	140	66	232	50	50254966					
	18	65	144	67	253	53	89391985					
	19	67	148	68	275	56	146266188					
	20	68	151	69	299	59	N/A					
Dominating Blow	Level	Required level	Strength	Intelligence	Mana Cost	Duration	Minion Damage	Exp.				
	1	24	37	25	23	14s	N/A	118383				
	2	27	41	28	25	15s	3%	175816				
	3	30	45	31	27	16s	6%	254061				
	4	33	49	34	29	17s	9%	225766				
	5	35	51	36	30	18s	12%	447718				
	6	38	55	38	32	19s	15%	388734				
	7	40	58	40	34	20s	18%	755049				
	8	43	62	43	36	21s	21%	1016533				
	9	46	66	46	37	22s	24%	860401				
	10	48	69	48	38	23s	27%	1038201				
	11	50	71	49	39	24s	30%	1248678				
	12	52	74	51	41	25s	33%	1498138				
	13	54	76	53	42	26s	36%	1790934				
	14	56	79	55	43	27s	39%	3351223				
	15	58	82	57	43	28s	42%	9900250				
	16	60	84	59	44	29s	45%	21274363				
	17	62	87	60	44	30s	48%	50550118				
	18	64	90	62	45	31s	51%	89834713				
	19	66	92	64	46	32s	54%	146782704				
	20	68	95	66	46	33s	57%	N/A				
Enduring Cry	Level	Required level	Strength	Mana Cost	Endurance Charges	Exp.						
	1	19	48	23	9	81983						
	2	23	56	23	11	63765						
	3	25	60	23	13	135415						
	4	28	67	23	15	199345						
	5	31	73	23	17	285815						
	6	34	79	23	19	401344						
	7	37	85	24	21	554379						
	8	40	92	24	23	755049						
	9	43	98	24	25	1016533						
	10	46	104	24	26	1355511						
	11	49	111	24	27	1791769						
	12	52	117	24	28	1498138						
	13	54	121	25	29	1790934						
	14	56	125	25	30	3351223						
	15	58	130	25	31	9922564						
	16	60	134	25	32	21318990						
	17	62	138	25	33	50639372						
	18	64	142	26	34	89968595						
	19	66	146	26	35	146938899						
	20	68	151	26	36	N/A						
Flame Totem	Level	Required level	Strength	Intelligence	Mana Cost	Fire Damage	Exp.					
	1	31	46	32	34	11-16	179320					
	2	33	49	34	36	12-18	225766					
	3	35	51	36	38	13-20	282073					
	4	37	54	37	38	15-22	349759					
	5	39	57	39	40	16-24	431204					
	6	41	59	41	42	18-27	528465					
	7	43	62	43	44	20-29	644165					
	8	45	65	45	46	21-32	782325					
	9	47	67	47	46	24-35	945554					
	10	49	70	48	48	26-39	1138877					
	11	51	72	50	50	28-42	1368233					
	12	53	75	52	52	31-46	1638338					
	13	55	78	54	54	34-51	1956648					
	14	57	80	56	54	37-55	2329968					
	15	59	83	58	56	40-60	9826462					
	16	61	86	60	58	44-66	21126787					
	17	63	88	61	60	48-71	50254966					
	18	65	91	63	62	52-78	89391985					
	19	67	94	65	62	56-84	146266188					
	20	69	96	67	64	61-92	N/A					
Glacial Hammer	Level	Required level	Strength	Mana Cost	Physical Damage	Freeze Chance	Exp.					
	1	1	N/A	11	N/A	15%	70					
	2	2	N/A	11	4%	16%	308					
	3	4	16	11	8%	17%	2560					
	4	8	25	11	12%	18%	8813					
	5	12	33	11	16%	19%	22895					
	6	16	41	11	20%	20%	68427					
	7	21	52	11	24%	21%	150439					
	8	26	62	11	28%	21%	581328					
	9	32	75	11	32%	22%	566989					
	10	38	88	12	36%	22%	1143783					
	11	42	96	12	40%	23%	1426490					
	12	46	104	12	44%	23%	2737323					
	13	49	111	12	48%	24%	3289072					
	14	52	117	12	52%	24%	3351223					
	15	55	123	12	56%	24%	9936267					
	16	58	130	13	60%	25%	21346397					
	17	61	136	13	64%	25%	50694186					
	18	64	142	13	68%	25%	90050815					
	19	66	146	13	72%	26%	147034823					
	20	68	151	13	76%	26%	N/A					
Ground Slam	Level	Required level	Strength	Mana Cost	Physical Damage	Exp.						
	1	1	N/A	10	N/A	70						
	2	2	N/A	10	4%	308						
	3	4	16	10	8%	2560						
	4	8	25	11	12%	8813						
	5	12	33	11	16%	22895						
	6	16	41	11	20%	68427						
	7	21	52	12	24%	150439						
	8	26	62	12	28%	581328						
	9	32	75	12	32%	566989						
	10	38	88	13	36%	1143783						
	11	42	96	13	40%	1426490						
	12	46	104	13	44%	2737323						
	13	49	111	14	48%	3289072						
	14	52	117	14	52%	3351223						
	15	55	123	14	56%	9936267						
	16	58	130	15	60%	21346397						
	17	61	136	15	64%	50694186						
	18	64	142	15	68%	90050815						
	19	66	146	16	72%	147034823						
	20	68	151	16	76%	N/A						
Heavy Strike	Level	Required level	Strength	Mana Cost	Physical Damage	Exp.						
	1	1	N/A	8	N/A	70						
	2	2	N/A	8	5%	308						
	3	4	16	8	10%	2560						
	4	8	25	8	15%	8813						
	5	12	33	8	20%	22895						
	6	16	41	8	25%	68427						
	7	21	52	8	30%	150439						
	8	26	62	8	35%	581328						
	9	32	75	8	40%	566989						
	10	38	88	9	45%	1143783						
	11	42	96	9	50%	1426490						
	12	46	104	9	55%	2737323						
	13	49	111	9	60%	3289072						
	14	52	117	9	65%	3351223						
	15	55	123	9	70%	9936267						
	16	58	130	10	75%	21346397						
	17	61	136	10	80%	50694186						
	18	64	142	10	85%	90050815						
	19	66	146	10	90%	147034823						
	20	68	151	10	95%	N/A						
Immortal Call	Level	Required level	Strength	Mana Cost	Duration per Charge	Exp.						
	1	24	58	20	0.5	118383						
	2	27	64	22	0.51	175816						
	3	30	71	24	0.53	254061						
	4	33	77	25	0.54	225766						
	5	35	81	27	0.55	447718						
	6	38	88	28	0.56	388734						
	7	40	92	29	0.58	755049						
	8	43	98	31	0.59	1016533						
	9	46	104	32	0.6	860401						
	10	48	109	33	0.61	1038201						
	11	50	113	34	0.63	1248678						
	12	52	117	36	0.64	1498138						
	13	54	121	37	0.65	1790934						
	14	56	125	37	0.66	3351223						
	15	58	130	38	0.68	9900250						
	16	60	134	38	0.69	21274363						
	17	62	138	39	0.7	50550118						
	18	64	142	39	0.71	89834713						
	19	66	146	40	0.73	146782704						
	20	68	151	41	0.74	N/A						
Infernal Blow	Level	Required level	Strength	Mana Cost	Physical Damage	Exp.						
	1	4	16	9	N/A	841						
	2	6	20	9	4%	3099						
	3	9	27	9	8%	7433						
	4	12	33	9	12%	15249						
	5	15	39	10	16%	41517						
	6	19	48	10	20%	81983						
	7	23	56	10	24%	199180						
	8	28	67	10	28%	604431						
	9	33	77	10	32%	631832						
	10	39	90	11	36%	959669						
	11	43	98	11	40%	1426490						
	12	46	104	11	44%	2737323						
	13	49	111	11	48%	3289072						
	14	52	117	11	52%	3351223						
	15	55	123	12	56%	9936192						
	16	58	130	12	60%	21346246						
	17	61	136	12	64%	50693883						
	18	64	142	12	68%	90050361						
	19	66	146	12	72%	147034294						
	20	68	151	13	76%	N/A						
Leap Slam	Level	Required level	Strength	Mana Cost	Physical Damage	Knockback Chance	Exp.					
	1	10	29	14	N/A	10%	9569					
	2	13	35	14	4%	12%	18908					
	3	16	41	14	8%	14%	33871					
	4	19	48	14	12%	16%	56446					
	5	22	54	14	16%	18%	89302					
	6	25	60	15	20%	20%	135415					
	7	28	67	15	24%	21%	283759					
	8	32	75	15	28%	22%	453996					
	9	36	83	15	32%	23%	703128					
	10	40	92	16	36%	24%	1061223					
	11	44	100	16	40%	24%	1570760					
	12	47	106	16	44%	24%	2286879					
	13	50	113	16	48%	24%	3289072					
	14	53	119	17	52%	24%	3351223					
	15	56	125	17	56%	24%	9935033					
	16	59	132	17	60%	24%	21343930					
	17	62	138	17	64%	24%	50689250					
	18	64	142	18	68%	24%	90043412					
	19	66	146	18	72%	24%	147026187					
	20	68	151	18	76%	24%	N/A					
Lightning Strike	Level	Required level	Strength	Mana Cost	Physical Damage	Exp.						
	1	10	29	11	N/A	9569						
	2	13	35	11	3%	18908						
	3	16	41	11	6%	33871						
	4	19	48	11	9%	56446						
	5	22	54	11	12%	89302						
	6	25	60	11	15%	135415						
	7	28	67	11	18%	283759						
	8	32	75	11	21%	453996						
	9	36	83	11	24%	703128						
	10	40	92	12	27%	1061223						
	11	44	100	12	30%	1570760						
	12	47	106	12	33%	2286879						
	13	50	113	12	36%	3289072						
	14	53	119	12	39%	3351223						
	15	56	125	12	42%	9935033						
	16	59	132	13	45%	21343930						
	17	62	138	13	48%	50689250						
	18	64	142	13	51%	90043412						
	19	66	146	13	54%	147026187						
	20	68	151	13	57%	N/A						
Molten Shell	Level	Required level	Strength	Mana Cost	Fire Damage	Detonation Threshold	Armour	Exp.				
	1	10	29	22	26–39	47	88	9569				
	2	13	35	24	35–52	73	116	18908				
	3	16	41	28	45–68	95	148	33871				
	4	19	48	30	59–88	129	181	56446				
	5	22	54	34	75–113	179	216	89302				
	6	25	60	36	95–143	231	253	135415				
	7	28	67	38	120–180	296	294	283759				
	8	32	75	42	161–241	385	347	453996				
	9	36	83	46	214–321	478	403	703128				
	10	40	92	50	283–425	597	462	1061223				
	11	44	100	54	372–558	722	526	1570760				
	12	47	106	58	455–682	855	580	2286879				
	13	50	113	60	554–831	994	636	3289072				
	14	53	119	62	674–1010	1140	695	3351223				
	15	56	125	64	817–1226	1315	757	9935033				
	16	59	132	66	989–1483	1500	822	21343930				
	17	62	138	66	1195–1792	1704	888	50689250				
	18	64	142	68	1354–2031	1891	943	90043412				
	19	66	146	69	1533–2300	2086	1000	147026187				
	20	68	151	70	1735–2602	2301	1058	N/A				
Punishment	Level	Required level	Strength	Intelligence	Mana Cost	Duration	Radius Increase	Normal Enemies	Magic Enemies	Rare Enemies	Unique Enemies	Exp.
	1	19	30	21	30	9	0	36	28	24	20	81983
	2	23	35	25	34	9.1	5	37	29	25	21	63765
	3	25	38	26	36	9.2	10	38	30	26	22	135415
	4	28	42	29	38	9.3	15	39	31	27	23	199345
	5	31	46	32	42	9.4	20	40	32	28	24	285815
	6	34	50	35	44	9.5	25	41	33	29	25	401344
	7	37	54	37	48	9.6	30	42	34	30	26	554379
	8	40	58	40	50	9.7	35	43	35	31	27	755049
	9	43	62	43	54	9.8	40	44	36	32	28	1016533
	10	46	66	46	56	9.9	45	45	37	33	29	1355511
	11	49	70	48	60	10	50	46	38	34	30	1791769
	12	52	74	51	61	10.1	55	47	39	35	31	1498138
	13	54	76	53	62	10.2	60	48	40	36	32	1790934
	14	56	79	55	64	10.3	65	49	41	37	33	3351223
	15	58	82	57	65	10.4	70	50	42	38	34	9922564
	16	60	84	59	66	10.5	75	51	43	39	35	21318990
	17	62	87	60	67	10.6	80	52	44	40	36	50639372
	18	64	90	62	68	10.7	85	53	45	41	37	89968595
	19	66	92	64	69	10.8	90	54	46	42	38	146938899
	20	68	95	66	70	10.9	95	55	47	43	39	N/A
Purity of Fire	Level	Required level	Strength	Intelligence	Radius	Resist.	Max. Resist.	Exp.				
	1	10	18	N/A	N/A	20%	N/A	9569				
	2	13	22	15	3%	21%	N/A	18908				
	3	16	26	18	6%	22%	N/A	33871				
	4	19	30	21	9%	23%	N/A	56446				
	5	22	34	24	12%	24%	1%	89302				
	6	25	38	26	15%	25%	1%	135415				
	7	28	42	29	18%	26%	1%	283759				
	8	32	47	33	21%	27%	1%	453996				
	9	36	53	37	23%	28%	1%	703128				
	10	40	58	40	25%	29%	1%	1061223				
	11	44	63	44	27%	30%	2%	1570760				
	12	47	67	47	29%	31%	2%	2286879				
	13	50	71	49	31%	32%	2%	3289072				
	14	53	75	52	33%	33%	2%	3351223				
	15	56	79	55	35%	34%	2%	9935033				
	16	59	83	58	36%	35%	2%	21343930				
	17	62	87	60	37%	36%	3%	50689250				
	18	64	90	62	38%	37%	3%	90043412				
	19	66	92	64	39%	38%	3%	147026187				
	20	68	95	66	40%	39%	4%	N/A				
Rejuvenation Totem	Level	Required level	Strength	Mana Cost	Life Regen.	Exp.						
	1	19	48	17	20.7	81983						
	2	23	56	19	25.3	63765						
	3	25	60	20	28.4	135415						
	4	28	67	22	32.7	199345						
	5	31	73	24	37.3	285815						
	6	34	79	25	42.2	401344						
	7	37	85	27	47.3	554379						
	8	40	92	29	52.7	755049						
	9	43	98	31	58.3	1016533						
	10	46	104	32	64.3	1355511						
	11	49	111	34	70.6	1791769						
	12	52	117	35	75.8	1498138						
	13	54	121	36	81.2	1790934						
	14	56	125	37	85.4	3351223						
	15	58	130	37	89.5	9922564						
	16	60	134	38	93.9	21318990						
	17	62	138	38	98.4	50639372						
	18	64	142	39	102.8	89968595						
	19	66	146	39	107.4	146938899						
	20	68	151	40	112.2	N/A						
Searing Bond	Level	Required level	Strength	Intelligence	Mana Cost	Fire Damage	Exp.					
	1	24	37	25	28	142.4	118383					
	2	27	41	28	30	173.4	175816					
	3	30	45	31	34	209.8	254061					
	4	33	49	34	36	252.3	225766					
	5	35	51	36	38	284.6	447718					
	6	38	55	38	40	339.6	388734					
	7	40	58	40	42	381.2	755049					
	8	43	62	43	44	452	1016533					
	9	46	66	46	46	534.2	860401					
	10	48	69	48	48	596.2	1038201					
	11	50	71	49	50	664.7	1248678					
	12	52	74	51	50	740.1	1498138					
	13	54	76	53	52	823.2	1790934					
	14	56	79	55	54	914.8	3351223					
	15	58	82	57	56	1015.6	9900250					
	16	60	84	59	58	1126.5	21274363					
	17	62	87	60	58	1248.6	50550118					
	18	64	90	62	60	1382.8	89834713					
	19	66	92	64	62	1530.2	146782704					
	20	68	95	66	64	1692.2	N/A					
Shield Charge	Level	Required level	Strength	Mana Cost	Stun Duration	Damage	Run Speed	Exp.				
	1	4	16	8	150%	100%	50%	841				
	2	6	20	8	160%	107%	50%	3099				
	3	9	27	8	170%	114%	50%	7433				
	4	12	33	8	180%	121%	50%	15249				
	5	15	39	8	190%	128%	50%	41517				
	6	19	48	8	200%	135%	50%	81983				
	7	23	56	8	200%	142%	55%	199180				
	8	28	67	8	200%	149%	60%	604431				
	9	33	77	8	200%	156%	65%	631832				
	10	39	90	8	200%	163%	70%	959669				
	11	43	98	9	200%	170%	70%	1426490				
	12	46	104	9	200%	177%	70%	2737323				
	13	49	111	9	200%	184%	70%	3289072				
	14	52	117	9	200%	191%	70%	3351223				
	15	55	123	9	200%	198%	70%	9936192				
	16	58	130	10	200%	200%	70%	21346246				
	17	61	136	10	200%	202%	70%	50693883				
	18	64	142	10	200%	204%	70%	90050361				
	19	66	146	10	200%	206%	70%	147034294				
	20	68	151	10	200%	208%	70%	N/A				
Shockwave Totem	Level	Required level	Strength	Mana Cost	Physical Damage	Exp.						
	1	10	29	22	4-8	9569						
	2	13	35	25	5-9	18908						
	3	16	41	28	6-12	33871						
	4	19	48	32	8-15	56446						
	5	22	54	35	10-19	89302						
	6	25	60	38	12-23	135415						
	7	28	67	41	15-28	283759						
	8	32	75	44	20-36	453996						
	9	36	83	48	25-47	703128						
	10	40	92	51	32-59	1061223						
	11	44	100	57	40-75	1570760						
	12	47	106	60	48-89	2286879						
	13	50	113	64	57-105	3289072						
	14	53	119	67	67-124	3351223						
	15	56	125	68	79-147	9935033						
	16	59	132	69	93-172	21343930						
	17	62	138	70	109-202	50689250						
	18	64	142	71	121–225	90043412						
	19	66	146	72	135-250	147026187						
	20	68	151	73	149–277	N/A						
Sweep	Level	Required level	Strength	Mana Cost	Physical Damage	Knockback Chance	Exp.					
	1	2	N/A	8	N/A	30%	123					
	2	3	14	8	3%	30%	542					
	3	5	18	9	6%	31%	2220					
	4	8	25	9	9%	31%	8813					
	5	12	33	10	12%	32%	22895					
	6	16	41	10	15%	32%	68427					
	7	21	52	11	18%	33%	150439					
	8	26	62	11	21%	33%	581328					
	9	32	75	12	24%	34%	566989					
	10	38	88	12	27%	34%	1143783					
	11	42	96	13	30%	35%	1426490					
	12	46	104	13	33%	35%	2737323					
	13	49	111	14	36%	36%	3289072					
	14	52	117	14	39%	36%	3351223					
	15	55	123	15	42%	37%	9936257					
	16	58	130	15	45%	37%	21346376					
	17	61	136	16	48%	38%	50694143					
	18	64	142	16	51%	38%	90050751					
	19	66	146	17	54%	39%	147034749					
	20	68	151	17	57%	39%	N/A					
Vitality	Level	Required level	Strength	Radius	Life Regeneration	Exp.						
	1	24	58	N/A	0.70%	118383						
	2	27	64	3%	0.75%	175816						
	3	30	71	6%	0.80%	254061						
	4	33	77	9%	0.85%	225766						
	5	35	81	12%	0.90%	447718						
	6	38	88	15%	0.95%	388734						
	7	40	92	18%	1.00%	755049						
	8	43	98	21%	1.05%	1016533						
	9	46	104	23%	1.10%	860401						
	10	48	109	25%	1.15%	1038201						
	11	50	113	27%	1.20%	1248678						
	12	52	117	29%	1.25%	1498138						
	13	54	121	31%	1.30%	1790934						
	14	56	125	33%	1.35%	3351223						
	15	58	130	35%	1.40%	9900250						
	16	60	134	36%	1.45%	21274363						
	17	62	138	37%	1.50%	50550118						
	18	64	142	38%	1.55%	89834713						
	19	66	146	39%	1.60%	146782704						
	20	68	151	40%	1.65%	N/A						
Warlord's Mark	Level	Required level	Strength	Mana Cost	Duration	Radius	Life Leech	Mana Leech	Endurance Charges	Exp.		
	1	19	48	30	9.0s	N/A	3%	1%	20%	81983		
	2	23	56	34	9.1s	5%	3%	1%	20%	63765		
	3	25	60	36	9.2s	10%	3%	1%	21%	135415		
	4	28	67	38	9.3s	15%	3%	1%	21%	199345		
	5	31	73	42	9.4s	20%	4%	1%	22%	285815		
	6	34	79	44	9.5s	25%	4%	2%	22%	401344		
	7	37	85	48	9.6s	30%	4%	2%	23%	554379		
	8	40	92	50	9.7s	35%	4%	2%	23%	755049		
	9	43	98	54	9.8s	40%	5%	2%	24%	1016533		
	10	46	104	56	9.9s	45%	5%	2%	24%	1355511		
	11	49	111	60	10.0s	50%	5%	2%	25%	1791769		
	12	52	117	61	10.1s	55%	5%	2%	25%	1498138		
	13	54	121	62	10.2s	60%	6%	3%	26%	1790934		
	14	56	125	64	10.3s	65%	6%	3%	26%	3351223		
	15	58	130	65	10.4s	70%	6%	3%	27%	9922564		
	16	60	134	66	10.5s	75%	6%	3%	27%	21318990		
	17	62	138	67	10.6s	80%	7%	3%	28%	50639372		
	18	64	142	68	10.7s	85%	7%	3%	28%	89968595		
	19	66	146	69	10.8s	90%	7%	3%	29%	146938899		
	20	68	151	70	10.9s	95%	7%	3%	30%	N/A		
Animate Weapon	Level	Required level	Dexterity	Intelligence	Mana Cost	Item Level	Base Damage	Minion Attack Speed	Additional Minion Damage	Exp.		
	1	4	N/A	N/A	9	9	100	0	4-6	841		
	2	6	N/A	N/A	10	11	108	2	5-8	3099		
	3	9	17	N/A	11	14	116	4	7-10	7433		
	4	12	21	14	13	17	124	6	8-12	15249		
	5	15	25	17	15	20	132	8	10-15	41517		
	6	19	30	21	17	24	140	10	12-18	81983		
	7	23	35	25	19	28	148	12	14-21	199180		
	8	28	42	29	22	33	156	14	17-25	604431		
	9	33	49	34	25	38	164	16	19-29	631832		
	10	39	57	39	28	44	172	18	22-34	959669		
	11	43	62	43	31	48	180	20	24-37	1426490		
	12	46	66	46	32	53	188	22	26-39	2737323		
	13	49	70	48	34	57	196	24	28-41	3289072		
	14	52	74	51	36	61	204	26	29-44	3351223		
	15	55	78	54	37	65	212	28	31-46	9936192		
	16	58	82	57	39	68	220	30	32-49	21346246		
	17	61	86	60	41	72	228	32	34-51	50693883		
	18	64	90	62	42	76	236	34	36-53	90050361		
	19	66	92	64	43	79	244	36	37-55	147034294		
	20	68	95	66	45	100	252	38	38-56	N/A		
Arctic Armour	Level	Required level	Dexterity	Intelligence	Base Duration	Mana Drain	Additional Mobile Mana Drain	Damage Reduction	Damage Reduction Per Mana Drain	Exp.		
	1	10	18	N/A	1.0s	5.7	28.5	5	0.146	9569		
	2	13	22	15	1.1s	6.8	33.8	7	0.172	18908		
	3	16	26	18	1.2s	7.9	39.7	9	0.189	33871		
	4	19	30	21	1.3s	9.1	45.6	12	0.219	56446		
	5	22	34	24	1.4s	10.4	52.2	14	0.224	89302		
	6	25	38	26	1.5s	11.8	58.8	18	0.255	135415		
	7	28	42	29	1.6s	13.2	66	21	0.265	283759		
	8	32	47	33	1.7s	15.2	75.8	27	0.297	453996		
	9	36	53	37	1.8s	17.3	86.7	34	0.327	703128		
	10	40	58	40	1.9s	19.5	97.6	43	0.367	1061223		
	11	44	63	44	2.0s	21.8	109.2	54	0.412	1570760		
	12	47	67	47	2.1s	23.7	118.5	63	0.443	2286879		
	13	50	71	49	2.2s	25.5	127.8	75	0.489	3289072		
	14	53	75	52	2.3s	27.5	137.8	88	0.534	3351223		
	15	56	79	55	2.4s	29.5	147.7	102	0.576	9935033		
	16	59	83	58	2.5s	31.7	158.3	120	0.632	21343930		
	17	62	87	60	2.6s	33.8	168.9	140	0.691	50689250		
	18	64	90	62	2.7s	35.3	176.4	154	0.727	90043412		
	19	66	92	64	2.8s	36.8	184.1	171	0.774	147026187		
	20	68	95	66	2.9s	38.3	191.4	189	0.823	N/A		
Barrage	Level	Required level	Dexterity	Mana Cost	Physical Damage	Additional Projectiles	Exp.					
	1	10	29	8	N/A	3	9569					
	2	13	35	8	4%	3	18908					
	3	16	41	8	8%	3	33871					
	4	19	48	8	12%	3	56446					
	5	22	54	8	16%	3	89302					
	6	25	60	8	20%	3	135415					
	7	28	67	8	24%	3	581328					
	8	32	75	8	28%	3	453996					
	9	36	83	8	32%	3	703128					
	10	40	92	8	36%	3	1061223					
	11	44	100	9	40%	3	1570760					
	12	47	106	9	44%	3	2286879					
	13	50	113	9	48%	3	3289072					
	14	53	119	9	52%	3	3351223					
	15	56	125	9	56%	3	9935033					
	16	59	132	10	60%	3	21343930					
	17	62	138	10	64%	3	50689250					
	18	64	142	10	68%	3	90043412					
	19	66	148	10	72%	3	147026187					
	20	68	151	10	76%	3	N/A					
Bear Trap	Level	Required level	Dexterity	Mana Cost	Physical Damage	Exp.						
	1	4	16	11	16–22	841						
	2	6	20	13	20–28	3099						
	3	9	27	17	27–38	7433						
	4	12	33	18	35–49	15249						
	5	15	39	22	46–64	41517						
	6	19	48	25	63–88	81983						
	7	23	56	28	84–118	199180						
	8	28	67	32	119–167	604431						
	9	33	77	35	166–233	631832						
	10	39	90	40	244–341	959669						
	11	43	98	44	311–436	1426490						
	12	46	104	47	373–522	2737323						
	13	49	111	49	445–623	3289072						
	14	52	117	51	530–742	3351223						
	15	55	123	52	630–881	9936192						
	16	58	130	54	746–1045	21346246						
	17	61	136	55	883–1236	50693883						
	18	64	142	56	1043–1460	90050361						
	19	66	146	57	1164–1630	147034294						
	20	68	151	58	1298–1818	N/A						
Blood Rage	Level	Required level	Dexterity	Mana Cost	Duration	Attack Speed on Low life	Life Leech	Chaos Damage	Exp.			
	1	19	48	23	7.5s	20%	4%	4.0%	81983			
	2	23	56	23	7.8s	21%	4%	4.0%	63765			
	3	25	60	23	8.1s	22%	4%	4.0%	135415			
	4	28	67	23	8.4s	23%	4%	4.0%	199345			
	5	31	73	23	8.7s	24%	4%	3.9%	285815			
	6	34	79	23	9.0s	25%	4%	3.9%	401344			
	7	37	85	23	9.3s	26%	4%	3.9%	554379			
	8	40	92	23	9.6s	27%	5%	3.9%	755049			
	9	43	98	23	9.9s	28%	5%	3.9%	1016533			
	10	46	104	24	10.2s	29%	5%	3.9%	1355511			
	11	49	111	24	10.5s	30%	5%	3.9%	1791769			
	12	52	117	24	10.8s	31%	5%	3.9%	1498138			
	13	54	121	24	11.1s	32%	5%	3.9%	1790934			
	14	56	125	24	11.4s	33%	5%	3.9%	3351223			
	15	58	130	24	11.7s	34%	5%	3.9%	9922564			
	16	60	134	25	12.0s	35%	5%	3.9%	21318990			
	17	62	138	25	12.3s	36%	6%	3.8%	50639372			
	18	64	142	25	12.6s	37%	6%	3.8%	89968595			
	19	66	146	25	12.9s	38%	6%	3.8%	146938899			
	20	68	151	25	13.2s	39%	6%	3.8%	N/A			
Burning Arrow	Level	Required level	Dexterity	Mana Cost	Physical Damage	Ignite Chance	Exp.					
	1	1	N/A	6	N/A	10%	70					
	2	2	N/A	6	3%	11%	308					
	3	4	16	6	6%	12%	2560					
	4	8	25	6	9%	13%	8813					
	5	12	33	7	12%	14%	22895					
	6	16	41	7	15%	15%	68427					
	7	21	52	7	18%	16%	150439					
	8	26	62	7	21%	17%	581328					
	9	32	75	8	24%	18%	566989					
	10	38	88	8	27%	19%	1143783					
	11	42	96	8	30%	20%	1426490					
	12	46	104	8	33%	21%	2737323					
	13	49	111	9	36%	22%	3289072					
	14	52	117	9	39%	23%	3351223					
	15	55	123	9	42%	24%	9936267					
	16	58	130	9	45%	25%	21346397					
	17	61	136	10	48%	25%	50694186					
	18	64	142	10	51%	25%	90050815					
	19	66	146	10	54%	25%	147034823					
	20	68	151	10	57%	25%	N/A					
Cyclone	Level	Required level	Strength	Dexterity	Mana Cost	Physical Damage	Attack Speed	Exp.				
	1	24	25	37	30	N/A	N/A	118383				
	2	27	28	41	30	4%	2%	175816				
	3	30	31	45	30	8%	4%	254061				
	4	33	34	49	31	12%	6%	225766				
	5	35	36	51	31	16%	8%	447718				
	6	38	38	55	31	20%	10%	388734				
	7	40	40	58	32	24%	12%	755049				
	8	43	43	62	32	28%	14%	1016533				
	9	46	46	66	32	32%	16%	860401				
	10	48	48	69	33	36%	18%	1038201				
	11	50	49	71	33	40%	20%	1248678				
	12	52	51	74	33	44%	22%	1498138				
	13	54	53	76	34	48%	24%	1790934				
	14	56	55	79	34	52%	26%	3351223				
	15	58	57	82	34	56%	28%	9900250				
	16	60	59	84	35	60%	30%	21274363				
	17	62	60	87	35	64%	32%	50550118				
	18	64	62	90	35	68%	34%	89834713				
	19	66	64	92	36	72%	36%	146782704				
	20	68	66	95	36	76%	38%	N/A				
Desecrate	Level	Required level	Dexterity	Intelligence	Mana Cost	Chaos Damage	Max Corpse Level	Exp.				
	1	19	30	21	10	10.4	22	81983				
	2	23	35	25	11	14.3	26	63765				
	3	25	38	26	12	16.6	28	135415				
	4	28	42	29	13	20.6	31	199345				
	5	31	46	32	14	25.5	34	285815				
	6	34	50	35	15	31.4	37	401344				
	7	37	54	37	16	38.5	40	554379				
	8	40	58	40	16	46.9	43	755049				
	9	43	62	43	17	57	46	1016533				
	10	46	66	46	18	69	49	1355511				
	11	49	70	48	19	83.4	52	1791769				
	12	52	74	51	20	100.5	55	1498138				
	13	54	76	53	21	113.6	57	1790934				
	14	56	79	55	22	128.3	59	3351223				
	15	58	82	57	22	144.8	63	9922564				
	16	60	84	59	23	163.2	67	21318990				
	17	62	87	60	24	183.9	71	50639372				
	18	64	90	62	24	207	75	89968595				
	19	66	92	64	25	232.8	100	146938899				
	20	68	95	66	25	261.7	100	N/A				
Detonate Dead	Level	Required level	Dexterity	Intelligence	Mana Cost	Physical Damage	Exp.					
	1	2	N/A	N/A	6	2–4	123					
	2	3	N/A	N/A	7	3–4	542					
	3	5	N/A	N/A	8	3–5	2220					
	4	8	15	N/A	9	4–6	8813					
	5	12	21	14	11	6–9	22895					
	6	16	26	18	13	8–11	68427					
	7	21	33	23	16	10–15	150439					
	8	26	39	27	18	13–20	581328					
	9	32	47	33	21	18–27	566989					
	10	38	55	38	24	24–36	1143783					
	11	42	61	42	26	29–43	1426490					
	12	46	66	46	28	34–51	2737323					
	13	49	70	48	29	39–58	3289072					
	14	52	74	51	30	44–66	3351223					
	15	55	78	54	32	50–74	9936257					
	16	58	82	57	33	56–84	21346376					
	17	61	86	60	35	63–94	50694143					
	18	64	90	62	36	71–106	90050751					
	19	66	92	64	37	76–114	147034749					
	20	68	95	66	38	82–123	N/A					
Double Strike	Level	Required level	Dexterity	Mana Cost	Physical Damage	Exp.						
	1	1	N/A	8	N/A	70						
	2	2	N/A	8	4%	308						
	3	4	16	8	8%	2560						
	4	8	25	8	12%	8813						
	5	12	33	8	16%	22895						
	6	16	41	9	20%	68427						
	7	21	52	9	24%	150439						
	8	26	62	9	28%	581328						
	9	32	75	9	32%	566989						
	10	38	88	9	36%	1143783						
	11	42	96	10	40%	1426490						
	12	46	104	10	44%	2737323						
	13	49	111	10	48%	3289072						
	14	52	117	10	52%	3351223						
	15	55	123	10	56%	9936267						
	16	58	130	11	60%	21346397						
	17	61	136	11	64%	50694186						
	18	64	142	11	68%	90050815						
	19	66	146	11	72%	147034823						
	20	68	151	11	76%	N/A						
Elemental Hit	Level	Required level	Dexterity	Mana Cost	Possible Fire Damage	Possible Cold Damage	Possible Lightning Damage	Exp.				
	1	19	48	12	16–29	13–24	3–48	81983				
	2	23	56	14	20–37	16–30	3–60	63765				
	3	25	60	15	22–41	18–33	4–67	135415				
	4	28	67	16	26–48	21–39	4–79	199345				
	5	31	73	17	30–56	25–46	5–91	285815				
	6	34	79	18	35–64	28–53	6–106	401344				
	7	37	85	19	40–74	33–61	7–122	554379				
	8	40	92	21	46–85	37–69	7–139	755049				
	9	43	98	22	52-97	43-79	8-159	1016533				
	10	46	104	23	59-110	49-90	10-181	1355511				
	11	49	111	24	67-125	55-102	11-206	1791769				
	12	52	117	25	76-142	66-116	12-233	1498138				
	13	54	121	26	83-154	68-126	13-252	1790934				
	14	56	125	27	90-166	73-136	14-274	3351223				
	15	58	130	28	97–180	79–147	16–296	9922564				
	16	60	134	29	105-195	86-159	17-320	21318990				
	17	62	138	29	113-211	93-172	18-346	50639372				
	18	64	142	30	122-227	100-186	20-374	89968595				
	19	66	146	31	132-245	108-201	21-403	146938899				
	20	68	151	32	142-265	117-216	23-435	N/A				
Ethereal Knives	Level	Required level	Dexterity	Intelligence	Mana Cost	Physical Damage	Exp.					
	1	4	N/A	N/A	9	8–11	841					
	2	6	N/A	N/A	10	9–14	3099					
	3	9	17	N/A	11	12–18	7433					
	4	12	21	14	13	16–24	15249					
	5	15	25	17	15	20–30	41517					
	6	19	30	21	17	27–41	81983					
	7	23	35	25	19	36–54	199180					
	8	28	42	29	22	49–74	604431					
	9	33	49	34	25	67–101	631832					
	10	39	57	39	28	95–143	959669					
	11	43	62	43	31	119–178	1426490					
	12	46	66	46	32	140–210	2737323					
	13	49	70	48	34	165–247	3289072					
	14	52	74	51	36	193–290	3351223					
	15	55	78	54	37	226–339	9936192					
	16	58	82	57	39	263–395	21346246					
	17	61	86	60	41	307–460	50693883					
	18	64	90	62	42	357–535	90050361					
	19	66	92	64	43	394–591	147034294					
	20	68	95	66	45	435–652						
Explosive Arrow	Level	Required level	Dexterity	Mana Cost	Damage	Exp.						
	1	19	48	15	22–34	81983						
	2	23	56	17	30–46	63765						
	3	25	60	18	35–53	135415						
	4	28	67	19	44–66	199345						
	5	31	73	20	54–81	285815						
	6	34	79	22	66–99	401344						
	7	37	85	23	80–121	554379						
	8	40	92	25	98–146	755049						
	9	43	98	26	118–177	1016533						
	10	46	104	28	142–214	1355511						
	11	49	111	29	171–257	1791769						
	12	52	117	30	205–308	1498138						
	13	54	121	31	232–347	1790934						
	14	56	125	31	261–391	3351223						
	15	58	130	32	293–440	9922564						
	16	60	134	32	330–495	21318990						
	17	62	138	33	371–556	50639372						
	18	64	142	33	416–624	89968595						
	19	66	146	34	467–700	146938899						
	20	68	151	34	523–785	N/A						
Fire Trap	Level	Required level	Dexterity	Intelligence	Mana Cost	Fire Damage	Fire DoT	Exp.				
	1	1	N/A	N/A	7	1-4	2.7	70				
	2	2	N/A	N/A	8	3-5	3.1	308				
	3	4	N/A	N/A	9	4-6	3.9	2560				
	4	8	15	N/A	11	6-9	6	8813				
	5	12	21	14	13	9-13	8.7	22895				
	6	16	26	18	15	12-19	12.1	68427				
	7	21	33	23	18	19-28	17.8	150439				
	8	26	39	27	21	27-41	25.5	581328				
	9	32	47	33	24	41-62	38.3	566989				
	10	38	55	38	28	62-92	56.4	1143783				
	11	42	61	42	30	80-119	71.9	1426490				
	12	46	66	46	32	103-154	91.1	2737323				
	13	49	70	48	34	123-185	108	3289072				
	14	52	74	51	36	148-222	127.7	3351223				
	15	55	78	54	37	178-267	150.5	9936267				
	16	58	82	57	39	212-319	177	21346397				
	17	61	86	60	41	254-380	207.8	50694186				
	18	64	90	62	42	302-453	243.3	90050815				
	19	66	92	64	43	339-509	268.5	147034823				
	20	68	95	66	45	380-571	295.9	N/A				
Flicker Strike	Level	Required level	Dexterity	Mana Cost	Physical Damage	Attack Speed	Attack Speed per Frenzy Charge	Exp.				
	1	10	29	11	N/A	25%	10%	9569				
	2	13	35	11	3%	26%	10%	18908				
	3	16	41	11	6%	27%	10%	33871				
	4	19	48	11	9%	28%	10%	56446				
	5	22	54	11	12%	29%	10%	89302				
	6	25	60	12	15%	30%	10%	135415				
	7	28	67	12	18%	30%	10%	283759				
	8	32	75	12	21%	31%	10%	453996				
	9	36	83	12	24%	31%	10%	703128				
	10	40	92	12	27%	32%	10%	1061223				
	11	44	100	13	30%	32%	10%	1570760				
	12	47	106	13	33%	33%	10%	2286879				
	13	50	113	13	36%	33%	10%	3289072				
	14	53	119	13	39%	34%	10%	3351223				
	15	56	125	13	42%	34%	10%	9935033				
	16	59	132	14	45%	35%	10%	21343930				
	17	62	138	14	48%	35%	10%	50689250				
	18	64	142	14	51%	35%	10%	90043412				
	19	66	146	14	54%	36%	10%	147026187				
	20	68	151	14	57%	36%	15%	N/A				
Freeze Mine	Level	Required level	Dexterity	Intelligence	Mana Cost	Cold Damage	Frozen effect	%	Exp.			
	1	10	18	N/A	9	7-10	200	9569				
	2	13	22	15	12	9-13	210	18908				
	3	16	26	18	13	11-16	220	33871				
	4	19	30	21	15	13-20	230	56446				
	5	22	34	24	16	16-24	240	89302				
	6	25	38	26	18	19-29	250	135415				
	7	28	42	29	19	23-35	260	283759				
	8	32	47	33	21	29-43	270	453996				
	9	36	53	37	23	36-54	280	703128				
	10	40	58	40	25	44-66	290	1061223				
	11	44	63	44	27	54-81	300	1570760				
	12	47	67	47	28	63-94	310	2286879				
	13	50	71	49	30	72-109	320	3289072				
	14	53	75	52	31	84-125	330	3351223				
	15	56	79	55	32	96-144	340	9935033				
	16	59	83	58	32	110-166	350	21343930				
	17	62	87	60	33	127-190	360	50689250				
	18	64	90	62	33	139-208	370	90043412				
	19	66	92	64	34	151-227	380	147026187				
	20	68	95	66	34	165-248	390	N/A				
Frenzy	Level	Required level	Dexterity	Mana Cost	Increased Physical Damage per Frenzy Charge	Increased Attack Speed per Frenzy Charge	Exp.					
	1	19	48	15	4%	5%	81983					
	2	23	56	15	4%	5%	63765					
	3	25	60	15	4%	5%	135415					
	4	28	67	15	5%	6%	199345					
	5	31	73	15	5%	6%	285815					
	6	34	79	16	5%	6%	401344					
	7	37	85	16	6%	7%	554379					
	8	40	92	16	6%	7%	755049					
	9	43	98	16	6%	7%	1016533					
	10	46	104	16	7%	8%	1355511					
	11	49	111	17	7%	8%	1791769					
	12	52	117	17	8%	8%	1498138					
	13	54	121	17	8%	9%	1790934					
	14	56	125	17	9%	9%	3351223					
	15	58	130	17	9%	9%	9922564					
	16	60	134	18	10%	10%	21318990					
	17	62	138	18	10%	10%	50639372					
	18	64	142	18	11%	10%	89968595					
	19	66	146	18	11%	11%	146938899					
	20	68	151	18	12%	11%	N/A					
Grace	Level	Required level	Dexterity	Radius	Additional Evasion Rating	Exp.						
	1	31	73	N/A	395	179320						
	2	33	77	3%	468	225766						
	3	35	81	6%	546	282073						
	4	37	85	9%	630	349759						
	5	39	90	12%	720	431204						
	6	41	94	15%	816	528465						
	7	43	98	18%	918	644165						
	8	45	102	21%	1026	782325						
	9	47	106	23%	1140	945554						
	10	49	111	25%	1259	1138877						
	11	51	115	27%	1383	1368233						
	12	53	119	29%	1448	1638338						
	13	55	123	31%	1514	1956648						
	14	57	127	33%	1581	2329968						
	15	59	132	35%	1650	9826462						
	16	61	136	36%	1721	21126787						
	17	63	140	37%	1793	50254966						
	18	65	144	38%	1866	89391985						
	19	67	148	39%	1940	146266188						
	20	69	153	40%	2016	N/A						
Haste	Level	Required level	Dexterity	Radius	Movement Speed	Attack Speed	Cast Speed	Exp.				
	1	31	73	N/A	4%	9%	9%	179320				
	2	33	77	3%	4%	10%	9%	225766				
	3	35	81	6%	4%	10%	10%	282073				
	4	37	85	9%	5%	10%	10%	349759				
	5	39	90	12%	5%	11%	10%	431204				
	6	41	94	15%	5%	11%	11%	528465				
	7	43	98	18%	6%	11%	11%	644165				
	8	45	102	21%	6%	12%	11%	782325				
	9	47	106	23%	6%	12%	12%	945554				
	10	49	111	25%	7%	12%	12%	1138877				
	11	51	115	27%	7%	13%	12%	1368233				
	12	53	119	29%	7%	13%	13%	1638338				
	13	55	123	31%	8%	13%	13%	1956648				
	14	57	127	33%	8%	14%	13%	2329968				
	15	59	132	35%	8%	14%	14%	9826462				
	16	61	136	36%	8%	15%	14%	21126787				
	17	63	140	37%	8%	15%	15%	50254966				
	18	65	144	38%	8%	16%	15%	89391985				
	19	67	148	39%	8%	16%	16%	146,266,1883				
	20	69	153	40%	9%	16%	16%	N/A				
Hatred	Level	Required level	Dexterity	Intelligence	Radius	Cold Damage	Exp.					
	1	10	18	N/A	N/A	26%	9569					
	2	13	22	15	3%	26%	18908					
	3	16	26	18	6%	27%	33871					
	4	19	30	21	9%	27%	56446					
	5	22	34	24	12%	28%	89302					
	6	25	38	26	15%	28%	135415					
	7	28	42	29	18%	29%	283759					
	8	32	47	33	21%	29%	453996					
	9	36	53	37	23%	30%	703128					
	10	40	58	40	25%	30%	1061223					
	11	44	63	44	27%	31%	1570760					
	12	47	67	47	29%	31%	2286879					
	13	50	71	49	31%	32%	3289072					
	14	53	75	52	33%	32%	3351223					
	15	56	79	55	35%	33%	9935033					
	16	59	83	58	36%	34%	21343930					
	17	62	87	60	37%	34%	50689250					
	18	64	90	62	38%	35%	90043412					
	19	66	92	64	39%	35%	147026187					
	20	68	95	66	40%	36%	N/A					
Ice Shot	Level	Required level	Dexterity	Mana Cost	Physical Damage	Duration	Exp.					
	1	4	16	10	N/A	0.80s	841					
	2	6	20	10	3%	0.85s	3099					
	3	9	27	10	6%	0.90s	7433					
	4	12	33	11	9%	0.95s	15249					
	5	15	39	11	12%	1.00s	41517					
	6	19	48	11	15%	1.05s	81983					
	7	23	56	12	18%	1.10s	199180					
	8	28	67	12	21%	1.15s	604431					
	9	33	77	12	24%	1.20s	631832					
	10	39	90	13	27%	1.23s	959669					
	11	43	98	13	30%	1.25s	1426490					
	12	46	104	13	33%	1.27s	2737323					
	13	49	111	14	36%	1.30s	3289072					
	14	52	117	14	39%	1.33s	3351223					
	15	55	123	14	42%	1.35s	9936192					
	16	58	130	15	45%	1.38s	21346246					
	17	61	136	15	48%	1.40s	50693883					
	18	64	142	15	51%	1.42s	90050361					
	19	66	146	16	54%	1.45s	147034294					
	20	68	151	16	57%	1.50s	N/A					
Lightning Arrow	Level	Required level	Dexterity	Mana Cost	Projectile Damage	Exp.						
	1	10	29	12	N/A	9569						
	2	13	35	12	3%	18908						
	3	16	41	12	6%	33871						
	4	19	48	12	9%	56446						
	5	22	54	12	12%	89302						
	6	25	60	13	15%	135415						
	7	28	67	13	18%	283759						
	8	32	75	13	21%	453996						
	9	36	83	13	24%	703128						
	10	40	92	13	27%	1061223						
	11	44	100	14	30%	1570760						
	12	47	106	14	33%	2286879						
	13	50	113	14	36%	3289072						
	14	53	119	14	39%	3351223						
	15	56	125	14	42%	9935033						
	16	59	132	15	45%	21343930						
	17	62	138	15	48%	50689250						
	18	64	142	15	51%	90043412						
	19	66	146	15	54%	147026187						
	20	68	151	15	57%	N/A						
Poison Arrow	Level	Required level	Dexterity	Mana Cost	Duration	Cloud Damage	Added Damage	Exp.				
	1	2	N/A	6	2.8	2.6	30%	123				
	2	3	14	7	2.9	3	31%	542				
	3	5	18	8	3	3.9	32%	2220				
	4	8	25	9	3.1	5.6	33%	8813				
	5	12	33	11	3.2	8.6	34%	22895				
	6	16	41	13	3.3	12.8	35%	68427				
	7	21	52	16	3.4	20.3	36%	150439				
	8	26	62	18	3.5	31.4	37%	581328				
	9	32	75	21	3.6	51.6	38%	566989				
	10	38	88	24	3.7	83.1	39%	1143783				
	11	42	96	26	3.9	113.2	40%	1426490				
	12	46	104	28	4	153.2	41%	2737323				
	13	49	111	29	4.1	191.5	42%	3289072				
	14	52	117	30	4.2	238.9	43%	3351223				
	15	55	123	31	4.3	297.2	44%	9936257				
	16	58	130	32	4.4	369	45%	21346376				
	17	61	136	33	4.5	457.3	46%	50694143				
	18	64	142	33	4.6	565.6	47%	90050751				
	19	66	146	34	4.7	651.2	48%	147034749				
	20	68	151	34	4.8	749.2	49%	N/A				
Projectile Weakness	Level	Required level	Dexterity	Mana Cost	Duration	Radius	Pierce Chance	Knockback Chance	Less Evasion	More Damage	Exp.	
	1	19	48	30	9.0s	N/A	40%	15%	30%	25%	81983	
	2	23	56	34	9.1s	5%	41%	15%	32%	25%	63765	
	3	25	60	36	9.2s	10%	42%	16%	34%	26%	135415	
	4	28	67	38	9.3s	15%	43%	16%	36%	26%	199345	
	5	31	73	42	9.4s	20%	44%	17%	38%	27%	285815	
	6	34	79	44	9.5s	25%	45%	17%	40%	27%	401344	
	7	37	85	48	9.6s	30%	46%	18%	42%	28%	554379	
	8	40	92	50	9.7s	35%	47%	18%	44%	28%	755049	
	9	43	98	54	9.8s	40%	48%	19%	46%	29%	1016533	
	10	46	104	56	9.9s	45%	49%	19%	48%	29%	1355511	
	11	49	111	60	10.0s	50%	50%	20%	50%	30%	1791769	
	12	52	117	61	10.1s	55%	51%	20%	52%	30%	1498138	
	13	54	121	62	10.2s	60%	52%	21%	54%	31%	1790934	
	14	56	125	64	10.3s	65%	53%	21%	56%	31%	3351223	
	15	58	130	65	10.4s	70%	54%	22%	58%	32%	9922564	
	16	60	134	66	10.5s	75%	55%	22%	60%	32%	21318990	
	17	62	138	67	10.6s	80%	56%	23%	62%	33%	50639372	
	18	64	142	68	10.7s	85%	57%	23%	64%	33%	89968595	
	19	66	146	69	10.8s	90%	58%	24%	66%	34%	146938899	
	20	68	151	70	10.9s	95%	59%	24%	68%	34%	N/A	
Puncture	Level	Required level	Dexterity	Intelligence	Mana Cost	Bleeding Damage	Mobile Damage	Physical Damage	Exp.			
	1	10	18	N/A	10	10.0%	50.0%	N/A	9569			
	2	13	22	15	10	10.4%	52.0%	4%	18908			
	3	16	26	18	10	10.7%	53.5%	8%	33871			
	4	19	30	21	10	11.4%	57.0%	12%	56446			
	5	22	34	24	11	12.0%	60.0%	16%	89302			
	6	25	38	26	11	12.7%	63.3%	20%	135415			
	7	28	42	29	11	13.4%	67.0%	24%	283759			
	8	32	47	33	12	14.2%	71.0%	28%	453996			
	9	36	53	37	12	15.1%	75.3%	32%	703128			
	10	40	58	40	12	16.0%	80.0%	36%	1061223			
	11	44	63	44	13	17.0%	85.0%	40%	1570760			
	12	47	67	47	13	18.1%	90.3%	44%	2286879			
	13	50	71	49	13	17.3%	86.8%	48%	3289072			
	14	53	75	52	14	20.4%	102.0%	52%	3351223			
	15	56	79	55	14	19.3%	96.7%	56%	9935033			
	16	59	83	58	14	20.3%	102.0%	60%	21343930			
	17	62	87	60	15	21.5%	107.7%	64%	50689250			
	18	64	90	62	15	22.7%	113.5%	68%	90043412			
	19	66	92	64	15	23.8%	119.7%	72%	147026187			
	20	68	95	66	16	29.0%	145.0%	76%	N/A			
Purity of Ice	Level	Required level	Dexterity	Intelligence	Radius	Resist.	Max. Resist.	Exp.				
	1	10	18	N/A	N/A	20%	N/A	9569				
	2	13	22	15	3%	21%	N/A	18908				
	3	16	26	18	6%	22%	N/A	33871				
	4	19	30	21	9%	23%	N/A	56446				
	5	22	34	24	12%	24%	1%	89302				
	6	25	38	26	15%	25%	1%	135415				
	7	28	42	29	18%	26%	1%	283759				
	8	32	47	33	21%	27%	1%	453996				
	9	36	53	37	23%	28%	1%	703128				
	10	40	58	40	25%	29%	1%	1061223				
	11	44	63	44	27%	30%	2%	1570760				
	12	47	67	47	29%	31%	2%	2286879				
	13	50	71	49	31%	32%	2%	3289072				
	14	53	75	52	33%	33%	2%	3351223				
	15	56	79	55	35%	34%	2%	9935033				
	16	59	83	58	36%	35%	2%	21343930				
	17	62	87	60	37%	36%	3%	50689250				
	18	64	90	62	38%	37%	3%	90043412				
	19	66	92	64	39%	38%	3%	147026187				
	20	68	95	66	40%	39%	4%	N/A				
Rain of Arrows	Level	Required level	Dexterity	Mana Cost	Physical Damage	Radius	Exp.					
	1	4	16	12	N/A	N/A	841					
	2	6	20	12	3%	3%	3099					
	3	9	27	12	6%	6%	7433					
	4	12	33	13	9%	9%	15249					
	5	15	39	13	12%	11%	41517					
	6	19	48	13	15%	13%	81983					
	7	23	56	14	18%	15%	199180					
	8	28	67	14	21%	17%	604431					
	9	33	77	14	24%	19%	631832					
	10	39	90	15	27%	21%	959669					
	11	43	98	15	30%	23%	1426490					
	12	46	104	15	33%	24%	2737323					
	13	49	111	16	36%	25%	3289072					
	14	52	117	16	39%	26%	3351223					
	15	55	123	16	42%	27%	9936192					
	16	58	130	17	45%	28%	21346246					
	17	61	136	17	48%	29%	50693883					
	18	64	142	17	51%	30%	90050361					
	19	66	146	18	54%	31%	147034294					
	20	68	151	18	57%	32%	N/A					
Reave	Level	Required level	Dexterity	Intelligence	Mana Cost	Physical Damage	Exp.					
	1	1	N/A	N/A	6	N/A	70					
	2	2	N/A	N/A	6	4%	308					
	3	4	N/A	N/A	6	8%	2560					
	4	8	15	N/A	6	12%	8813					
	5	12	21	14	7	16%	22895					
	6	16	26	18	7	20%	68427					
	7	21	33	23	7	24%	150439					
	8	26	39	27	7	28%	581328					
	9	32	47	33	8	32%	566989					
	10	38	55	38	8	36%	1143783					
	11	42	61	42	8	40%	1426490					
	12	46	66	46	8	44%	2737323					
	13	49	70	48	9	48%	3289072					
	14	52	74	51	9	52%	3351223					
	15	55	78	54	9	56%	9936267					
	16	58	82	57	9	60%	21346397					
	17	61	86	60	10	64%	50694186					
	18	64	90	62	10	68%	90050815					
	19	66	93	64		72%	147034823					
	20	68	95	66	10	76%	N/A					
Smoke Mine	Level	Required level	Dexterity	Intelligence	Mana Cost	Smoke Duration	Exp.					
	1	19	30	21	10	2.75 s	81983					
	2	23	35	25	10	2.86 s	63765					
	3	25	38	26	10	-0	135415					
	4	28	42	29	10	-0	199345					
	5	31	46	32	11	-0	285815					
	6	34	50	35	11	-0	401344					
	7	37	54	37	11	-0	554379					
	8	40	58	40	12	-0	755049					
	9	43	62	43	12	-0	1016533					
	10	46	66	46	12	-0	1355511					
	11	49	70	48	13	-0	1791769					
	12	52	74	51	13	-0	1498138					
	13	54	76	53	13	-0	1790934					
	14	56	79	55	14	-0	3351223					
	15	58	82	57	14	-0	9922564					
	16	60	84	59	14	-0	21318990					
	17	62	87	60	15	-0	50639372					
	18	64	90	62	15	-0	89968595					
	19	66	92	64	15	-0	146938899					
	20	N/A										
Spectral Throw	Level	Required level	Strength	Dexterity	Mana Cost	Projectile Damage	Base Damage	Exp.				
	1	1	N/A	N/A	8	0%	46%	70				
	2	2	N/A	N/A	8	3%	47%	308				
	3	4	N/A	N/A	8	6%	48%	2560				
	4	8	N/A	15	8	9%	49%	8813				
	5	12	14	21	8	12%	50%	22895				
	6	16	18	26	9	15%	51%	68427				
	7	21	23	33	9	18%	52%	150439				
	8	26	27	39	9	21%	53%	581328				
	9	32	33	47	9	24%	54%	566989				
	10	38	38	55	9	27%	55%	1143783				
	11	42	42	61	10	30%	56%	1426490				
	12	46	46	66	10	33%	57%	2737323				
	13	49	48	70	10	36%	58%	3289072				
	14	52	51	74	10	39%	59%	3351223				
	15	55	54	78	10	42%	60%	9,936267				
	16	58	57	82	11	45%	61%	21346397				
	17	61	60	86	11	48%	62%	50694186				
	18	64	62	90	11	51%	63%	90050815				
	19	66	64	92	11	54%	64%	147034823				
	20	68	66	95	11	57%	65%	N/A				
Split Arrow	Level	Required level	Dexterity	Mana Cost	Physical Damage	Additional Arrows	Exp.					
	1	1	N/A	6	N/A	2	70					
	2	2	N/A	6	3%	2	308					
	3	4	16	6	6%	2	2560					
	4	8	25	6	9%	2	8813					
	5	12	33	8	12%	3	22895					
	6	16	41	8	15%	3	68427					
	7	21	52	8	18%	3	150439					
	8	26	62	8	21%	3	581328					
	9	32	75	8	24%	3	566989					
	10	38	88	10	27%	4	1143783					
	11	42	96	10	30%	4	1426490					
	12	46	104	10	33%	4	2737323					
	13	49	111	10	36%	4	3289072					
	14	52	117	10	39%	4	3351223					
	15	55	123	10	42%	4	9936267					
	16	58	130	10	45%	4	21346397					
	17	61	136	12	48%	5	50694186					
	18	64	142	12	51%	5	90050815					
	19	66	146	12	54%	5	147034823					
	20	68	151	12	57%	5	N/A					
Temporal Chains	Level	Required level	Dexterity	Intelligence	Mana Cost	Base Duration	Radius	Reduction Amount	Exp.			
	1	19	30	21	30	4.50s	N/A	25%	81983			
	2	23	35	25	34	4.55s	5%	25%	63765			
	3	25	38	26	36	4.60s	10%	26%	135415			
	4	28	42	29	38	4.65s	15%	26%	199345			
	5	31	46	32	42	4.70s	20%	27%	285815			
	6	34	50	35	44	4.75s	25%	27%	401344			
	7	37	54	37	48	4.80s	30%	28%	554379			
	8	40	58	40	50	4.85s	35%	28%	755049			
	9	43	62	43	54	4.90s	40%	29%	1016533			
	10	46	66	46	56	4.95s	45%	29%	1355511			
	11	49	70	48	60	5.00s	50%	30%	1791769			
	12	52	74	51	61	5.05s	55%	30%	1498138			
	13	54	76	53	62	5.10s	60%	31%	1790934			
	14	56	79	55	64	5.15s	65%	31%	3351223			
	15	58	82	57	65	5.20s	70%	32%	9922564			
	16	60	84	59	66	5.25s	75%	32%	21318990			
	17	62	87	60	67	5.30s	80%	33%	50639372			
	18	64	90	62	68	5.35s	85%	33%	89968595			
	19	66	92	64	69	5.40s	90%	34%	146938899			
	20	68	95	66	70	5.45s	95%	34%	N/A			
Viper Strike	Level	Required level	Dexterity	Mana Cost	Duration	Chaos DoT	Exp.					
	1	4	16	8	4.00s	3.1	841					
	2	6	20	8	4.20s	3.9	3099					
	3	9	27	8	4.40s	5.3	7433					
	4	12	33	8	4.60s	7	15249					
	5	15	39	8	4.80s	9	41517					
	6	19	48	9	5.00s	12.5	81983					
	7	23	56	9	5.20s	17	199180					
	8	28	67	9	5.40s	24.4	604431					
	9	33	77	9	5.60s	34.4	631832					
	10	39	90	9	5.80s	50.9	959669					
	11	43	98	10	6.00s	65.7	1426490					
	12	46	104	10	6.20s	79.2	2737323					
	13	49	111	10	6.40s	95.1	3289072					
	14	52	117	10	6.60s	114	3351223					
	15	55	123	10	6.80s	136.4	9936192					
	16	58	130	11	7.00s	162.8	21346246					
	17	61	136	11	7.20s	193.8	50693883					
	18	64	142	11	7.40s	230.4	90050361					
	19	66	146	11	7.60s	258.4	147034294					
	20	68	151	11	7.80s	289.5	N/A					
Whirling Blades	Level	Required level	Dexterity	Intelligence	Mana Cost	Physical Damage	Exp.					
	1	4	N/A	N/A	8	N/A	841					
	2	6	N/A	N/A	8	3%	3099					
	3	9	17	N/A	8	6%	7433					
	4	12	21	14	9	9%	15249					
	5	15	25	17	9	12%	41517					
	6	19	30	21	9	15%	81983					
	7	23	35	25	10	18%	199180					
	8	28	42	29	10	21%	604431					
	9	33	49	34	10	24%	631832					
	10	39	57	39	11	27%	959669					
	11	43	62	43	11	30%	1426490					
	12	46	66	46	11	33%	2737323					
	13	49	70	48	12	36%	3289072					
	14	52	74	51	12	39%	3351223					
	15	55	78	54	12	42%	9936192					
	16	58	82	57	13	45%	21346246					
	17	61	86	60	13	48%	50693883					
	18	64	90	62	13	51%	90050361					
	19	66	92	64	14	54%	147034294					
	20	68	95	66	14	57%	N/A					
Arc	Level	Required level	Intelligence	Mana Cost	Lightning Damage	Chains	Exp.					
	1	19	48	12	3	59	2	81983				
	2	23	56	14	4	77	2	63765				
	3	25	60	15	5	87	2	135415				
	4	28	67	16	6	105	2	199345				
	5	31	73	17	7	125	2	285815				
	6	34	79	18	8	149	3	401344				
	7	37	85	19	9	177	3	554379				
	8	40	92	21	11	209	3	755049				
	9	43	98	22	13	245	3	1016533				
	10	46	104	23	15	287	3	1355511				
	11	49	111	24	18	336	4	1791769				
	12	52	117	25	21	391	4	1498138				
	13	54	121	26	23	433	4	1790934				
	14	56	125	27	25	478	4	3351223				
	15	58	130	28	28	527	4	9922564				
	16	60	134	29	31	582	5	21318990				
	17	62	138	29	34	641	5	50639372				
	18	64	142	30	37	706	5	89968595				
	19	66	146	31	41	777	5	146938899				
	20	68	151	32	45	854	5	N/A				
Arctic Breath	Level	Required level	Dexterity	Intelligence	Mana Cost	Ice Damage	Base Duration	Exp.				
	1	31	32	46	20	51	76	0.88	179320			
	2	33	34	49	21	58	87	0.94	225766			
	3	35	36	51	22	66	98	0.99	282073			
	4	37	37	54	23	74	112	1.05	349759			
	5	39	39	57	24	84	126	1.1	431204			
	6	41	41	59	25	95	143	1.16	528465			
	7	43	43	62	26	107	161	1.21	644165			
	8	45	45	65	27	121	182	1.27	782325			
	9	47	47	67	28	136	204	1.32	945554			
	10	49	48	70	29	153	230	1.35	1138877			
	11	51	50	72	30	172	258	1.38	1368233			
	12	53	52	75	30	193	289	1.4	1638338			
	13	55	54	78	31	216	324	1.43	1956648			
	14	57	56	80	31	242	363	1.46	2329968			
	15	59	58	83	32	270	406	1.49	9826462			
	16	61	60	86	32	302	453	1.51	21126787			
	17	63	61	88	33	337	506	1.54	50254966			
	18	65	63	91	33	376	564	1.57	89391985			
	19	67	65	94	34	419	629	1.6	146266188			
	20	69	67	96	34	467	701	1.65	N/A			
Bone Offering	Level	Required level	Intelligence	Mana Cost	Block Attacks chance	Block Spells chance	Exp.					
	1	24	58	20	25	25	118383					
	2	27	64	22	26	25	175816					
	3	30	71	24	26	26	254061					
	4	33	77	25	27	26	225766					
	5	35	81	27	27	27	447718					
	6	38	88	28	28	27	388734					
	7	40	92	29	28	28	755049					
	8	43	98	31	29	28	1016533					
	9	46	104	32	29	29	860401					
	10	48	109	33	30	29	1038201					
	11	50	113	34	30	30	1248678					
	12	52	117	36	31	30	1498138					
	13	54	121	37	31	31	1790934					
	14	56	125	37	32	31	3351223					
	15	58	130	38	32	32	9900250					
	16	60	134	38	33	32	21274363					
	17	62	138	39	33	33	50550118					
	18	64	142	39	34	33	89834713					
	19	66	146	40	34	34	146782704					
	20	68	151	41	35	34	N/A					
Clarity	Level	Required level	Intelligence	Mana Reserved	Radius	Mana Regen.	Efficiency	Exp.				
	1	10	29	60	N/A	3	0.05	9569				
	2	13	35	80	3%	3.9	0.0488	18908				
	3	16	41	100	6%	4.9	0.049	33871				
	4	19	48	120	9%	5.9	0.0492	56446				
	5	22	54	140	12%	6.9	0.0493	89302				
	6	25	60	160	15%	7.9	0.0494	135415				
	7	28	67	180	18%	8.9	0.0494	283759				
	8	32	75	200	21%	10.3	0.0515	453996				
	9	36	83	220	23%	11.8	0.0536	703128				
	10	40	92	240	25%	13.3	0.0554	1061223				
	11	44	100	260	27%	14.8	0.0569	1570760				
	12	47	106	280	29%	15.9	0.0568	2286879				
	13	50	113	300	31%	17.1	0.057	3289072				
	14	53	119	320	33%	18.3	0.0572	3351223				
	15	56	125	340	35%	19.5	0.0574	9935033				
	16	59	132	360	36%	20.8	0.0578	21343930				
	17	62	138	380	37%	22	0.0579	50689250				
	18	64	142	400	38%	22.9	0.0573	90043412				
	19	66	146	420	39%	23.9	0.0569	147026187				
	20	68	151	440	40%	24.6	0.0559	N/A				
Cold Snap	Level	Required level	Intelligence	Mana Cost	Cold Damage	Freeze Chance	Exp.					
	1	4	16	11	5–10	25%	841					
	2	6	20	12	8–12	26%	3099					
	3	9	27	14	10–15	27%	7433					
	4	12	33	15	13–19	28%	15249					
	5	15	39	17	16–24	29%	41517					
	6	19	48	18	21–32	30%	81983					
	7	23	56	19	27–41	31%	199180					
	8	28	67	21	37–56	32%	604431					
	9	33	77	23	49–74	33%	631832					
	10	39	90	25	68–102	34%	959669					
	11	43	98	27	83–125	35%	1426490					
	12	46	104	29	96–145	36%	2737323					
	13	49	111	30	112–168	37%	3289072					
	14	52	117	31	129–194	38%	3351223					
	15	55	123	32	149–223	39%	9936192					
	16	58	130	33	171–257	40%	21346246					
	17	61	136	33	196–295	41%	50693883					
	18	64	142	34	225–338	42%	90050361					
	19	66	146	34	246–369	43%	147034294					
	20	68	151	35	269–404	44%	N/A					
Conductivity	Level	Required level	Intelligence	Mana Cost	Base Duration	Radius	Reduced Lightning Resistance	Additional Chance to Shock	Exp.			
	1	19	48	30	9.0s	N/A	30%	10%	81983			
	2	23	56	34	9.1s	5%	31%	10%	63765			
	3	25	60	36	9.2s	10%	32%	10%	135415			
	4	28	67	38	9.3s	15%	33%	10%	199345			
	5	31	73	42	9.4s	20%	34%	10%	285815			
	6	34	79	44	9.5s	25%	35%	11%	401344			
	7	37	85	48	9.6s	30%	36%	11%	554379			
	8	40	92	50	9.7s	35%	37%	11%	755049			
	9	43	98	54	9.8s	40%	38%	11%	1016533			
	10	46	104	56	9.9s	45%	39%	11%	1355511			
	11	49	111	60	10.0s	50%	40%	12%	1791769			
	12	52	117	61	10.1s	55%	41%	12%	1498138			
	13	54	121	62	10.2s	60%	42%	12%	1790934			
	14	56	125	64	10.3s	65%	43%	12%	3351223			
	15	58	130	65	10.4s	70%	44%	12%	9922564			
	16	60	134	66	10.5s	75%	45%	13%	21318990			
	17	62	138	67	10.6s	80%	46%	13%	50639372			
	18	64	142	68	10.7s	85%	47%	13%	89968595			
	19	66	146	69	10.8s	90%	48%	13%	146938899			
	20	68	151	70	10.9s	95%	49%	14%	N/A			
Conversion Trap	Level	Required level	Dexterity	Intelligence	Mana Cost	Duration	Exp.					
	1	24	25	37	23	5.3	118383					
	2	27	28	41	25	5.5	175816					
	3	30	31	45	27	5.8	254061					
	4	33	34	49	28	6	225766					
	5	35	36	51	30	6.3	447718					
	6	38	38	55	32	6.5	388734					
	7	40	40	58	33	6.8	755049					
	8	43	43	62	35	7	1016533					
	9	46	46	66	36	7.3	860401					
	10	48	48	69	37	7.5	1038201					
	11	50	49	71	39	7.8	1248678					
	12	52	51	74	40	8	1498138					
	13	54	53	76	41	8.3	1790934					
	14	56	55	79	42	8.5	3351223					
	15	58	57	82	43	8.8	9900250					
	16	60	59	84	43	9	21274363					
	17	62	60	87	44	9.3	50550118					
	18	64	62	90	44	9.5	89834713					
	19	66	64	92	45	9.8	146782704					
	20	68	66	95	46	10	N/A					
Critical Weakness	Level	Required level	Dexterity	Intelligence	Mana Cost	Duration	Radius	Crit. Chance	Crit. Damage	Exp.		
	1	19	21	30	30	9.0s	N/A	5%	30%	81983		
	2	23	25	35	34	9.1s	5%	5%	31%	63765		
	3	25	26	38	36	9.2s	10%	5%	32%	135415		
	4	28	29	42	38	9.3s	15%	6%	33%	199345		
	5	31	32	46	42	9.4s	20%	6%	34%	285815		
	6	34	35	50	44	9.5s	25%	6%	35%	401344		
	7	37	37	54	48	9.6s	30%	7%	36%	554379		
	8	40	40	58	50	9.7s	35%	7%	37%	755049		
	9	43	43	62	54	9.8s	40%	7%	38%	1016533		
	10	46	46	66	56	9.9s	45%	8%	39%	1355511		
	11	49	48	70	60	10.0s	50%	8%	40%	1791769		
	12	52	51	74	61	10.1s	55%	8%	41%	1498138		
	13	54	53	76	62	10.2s	60%	8%	42%	1790934		
	14	56	55	79	64	10.3s	65%	8%	43%	3351223		
	15	58	57	82	65	10.4s	70%	9%	44%	9922564		
	16	60	59	84	66	10.5s	75%	9%	45%	21318990		
	17	62	60	87	67	10.6s	80%	9%	46%	50639372		
	18	64	62	90	68	10.7s	85%	9%	47%	89968595		
	19	66	64	92	69	10.8s	90%	9%	48%	146938899		
	20	68	66	95	70	10.9s	95%	9%	49%	N/A		
Discharge	Level	Required level	Intelligence	Mana Cost	Lightning Damage Per Power Charge	Fire Damage Per Endurance Charge	Cold Damage Per Frenzy Charge	Exp.				
	1	24	58	26	3–51	19–29	16–23	118383				
	2	27	64	28	3–62	23–35	19–28	175816				
	3	30	71	30	4–74	28–41	23–34	254061				
	4	33	77	32	5–88	33–49	27–40	225766				
	5	35	81	33	5-99	37-55	30-45	447718				
	6	38	88	36	6-117	44-66	36-54	388734				
	7	40	92	37	7-130	49-73	40-60	528465				
	8	43	98	39	8-153	57-86	47-70	644165				
	9	46	104	41	9-180	67-101	55-82	860401				
	10	48	109	43	10-199	75-112	61-92	1038201				
	11	50	113	44	12-221	83–124	68–101	1248678				
	12	52	117	46	13-244	91-137	75-112	1498138				
	13	54	121	47	14-270	101–152	83–124	1790934				
	14	56	125	49	16-299	112-168	91-137	3351223				
	15	58	130	50	17-330	123-185	101-151	9900250				
	16	60	134	51	19-364	136-204	111-167	21274363				
	17	62	138	53	21-401	150-225	123-184	50550118				
	18	64	142	54	23-441	165-248	135-203	89834713				
	19	66	146	56	26-485	182-272	149-223	146782704				
	20	68	151	57	28-534	200-300	163-245	N/A				
Discipline	Level	Required level	Intelligence	Radius	Energy Shield	Efficiency	Exp.					
	1	31	73	N/A	90	1.5	179320					
	2	33	77	3%	99	1.65	225766					
	3	35	81	6%	108	1.8	282073					
	4	37	85	9%	117	1.95	349759					
	5	39	90	12%	128	2.13	431204					
	6	41	94	15%	137	2.28	528465					
	7	43	98	18%	147	2.45	644165					
	8	45	102	21%	159	2.65	782325					
	9	47	106	23%	170	2.83	945554					
	10	49	111	25%	182	3.03	1138877					
	11	51	115	27%	194	3.23	1368233					
	12	53	119	29%	206	3.43	1638338					
	13	55	123	31%	219	3.65	1956648					
	14	57	127	33%	231	3.85	2329968					
	15	59	132	35%	245	4.08	9826462					
	16	61	136	36%	260	4.33	21126787					
	17	63	140	37%	273	4.55	50254966					
	18	65	144	38%	288	4.8	89391985					
	19	67	148	39%	303	5.05	146266188					
	20	69	153	40%	318	5.3	N/A					
Elemental Weakness	Level	Required level	Intelligence	Mana Cost	Duration	Radius	Lowered Ele. Resist.	Exp.				
	1	19	48	30	9.0s	N/A	30%	81983				
	2	23	56	34	9.1s	5%	31%	63765				
	3	25	60	36	9.2s	10%	32%	135415				
	4	28	67	38	9.3s	15%	33%	199345				
	5	31	73	42	9.4s	20%	34%	285815				
	6	34	79	44	9.5s	25%	35%	401344				
	7	37	85	48	9.6s	30%	36%	554379				
	8	40	92	50	9.7s	35%	37%	755049				
	9	43	98	54	9.8s	40%	38%	1016533				
	10	46	104	56	9.9s	45%	39%	1355511				
	11	49	111	60	10.0s	50%	40%	1791769				
	12	52	117	61	10.1s	55%	41%	1498138				
	13	54	121	62	10.2s	60%	42%	1790934				
	14	56	125	64	10.3s	65%	43%	3351223				
	15	58	130	65	10.4s	70%	44%	9922564				
	16	60	134	66	10.5s	75%	45%	21318990				
	17	62	138	67	10.6s	80%	46%	50639372				
	18	64	142	68	10.7s	85%	47%	89968595				
	19	66	146	69	10.8s	90%	48%	146938899				
	20	68	151	70	10.9s	95%	49%	N/A				
Enfeeble	Level	Required level	Intelligence	Mana Cost	Duration	Radius	Lower Accuracy	Lower Crit. Chance	Lower Crit. Mult.	Lower Damage	Exp.	
	1	19	48	30	12.0s	N/A	20%	20%	20%	25%	81983	
	2	23	56	34	12.1s	5%	21%	21%	21%	25%	63765	
	3	25	60	36	12.2s	10%	22%	22%	22%	26%	135415	
	4	28	67	38	12.3s	15%	23%	23%	23%	26%	199345	
	5	31	73	42	12.4s	20%	24%	24%	24%	27%	285815	
	6	34	79	44	12.5s	25%	25%	25%	25%	27%	401344	
	7	37	85	48	12.6s	30%	26%	26%	26%	28%	554379	
	8	40	92	50	12.7s	35%	27%	27%	27%	28%	755049	
	9	43	98	54	12.8s	40%	28%	28%	28%	29%	1016533	
	10	46	104	56	12.9s	45%	29%	29%	29%	29%	1355511	
	11	49	111	60	13.0s	50%	30%	30%	30%	30%	1791769	
	12	52	117	61	13.1s	55%	31%	31%	31%	30%	1498138	
	13	54	121	62	13.2s	60%	32%	32%	32%	31%	1790934	
	14	56	125	64	13.3s	65%	33%	33%	33%	31%	3351223	
	15	58	130	65	13.4s	70%	34%	34%	34%	32%	9922564	
	16	60	134	66	13.5s	75%	35%	35%	35%	32%	21318990	
	17	62	138	67	13.6s	80%	36%	36%	36%	33%	50639372	
	18	64	142	68	13.7s	85%	37%	37%	37%	33%	89968595	
	19	66	146	69	13.8s	90%	38%	38%	38%	34%	146938899	
	20	68	151	70	13.9s	95%	39%	39%	39%	34%	N/A	
Fireball	Level	Required level	Intelligence	Mana Cost	Fire Damage	Exp.						
	1	1	N/A	5	5	10	70					
	2	2	N/A	6	7	11	308					
	3	4	16	7	9	14	2560					
	4	8	25	8	13	19	8813					
	5	12	33	10	17	25	22895					
	6	16	41	11	23	34	68427					
	7	21	52	13	32	48	150439					
	8	26	62	15	44	67	581328					
	9	32	75	18	63	95	566989					
	10	38	88	20	89	133	1143783					
	11	42	96	22	110	165	1426490					
	12	46	104	23	135	203	2737323					
	13	49	111	25	157	236	3289072					
	14	52	117	26	183	274	3351223					
	15	55	123	27	212	318	9936267					
	16	58	130	28	245	368	21346397					
	17	61	136	29	283	425	50694186					
	18	64	142	30	326	489	90050815					
	19	66	146	31	358	537	147034823					
	20	68	151	32	393	590	N/A					
Firestorm	Level	Required level	Intelligence	Mana Cost	Fire Damage	Exp.						
	1	4	16	6	2–5	841						
	2	6	20	7	4–6	3099						
	3	9	27	8	5–8	7433						
	4	12	33	9	7–10	15249						
	5	15	39	10	8–12	41517						
	6	19	48	12	11–16	81983						
	7	23	56	14	14–20	199180						
	8	28	67	16	18–27	604431						
	9	33	77	18	24–36	631832						
	10	39	90	20	32–49	959669						
	11	43	98	22	39–59	1426490						
	12	46	104	23	46–68	2737323						
	13	49	111	24	53–79	3289072						
	14	52	117	25	60–90	3351223						
	15	55	123	27	69–104	9936192						
	16	58	130	28	79–118	21346246						
	17	61	136	29	90–135	50693883						
	18	64	142	30	103–154	90050361						
	19	66	146	31	112-168	147034294						
	20	68	151	32	122–183	N/A						
Flameblast	Level	Required level	Intelligence	Mana Cost	Fire Damage	Exp.						
	1	10	29	6	14	21	9569					
	2	13	35	6	17	26	18908					
	3	16	41	7	21	32	33871					
	4	19	48	7	26	39	56446					
	5	22	54	7	31	46	89302					
	6	25	60	7	37	55	135415					
	7	28	67	7	43	65	283759					
	8	32	75	8	53	80	453996					
	9	36	83	8	65	98	703128					
	10	40	92	8	79	118	1061223					
	11	44	100	9	95	143	1570760					
	12	47	106	9	109	164	2286879					
	13	50	113	9	125	187	3289072					
	14	53	119	10	142	213	3351223					
	15	56	125	10	162	243	9935033					
	16	59	132	10	184	276	21343930					
	17	62	138	11	208	312	50689250					
	18	64	142	11	226	339	90043412					
	19	66	146	11	245	368	147026187					
	20	68	151	11	266	399	N/A					
Flammability	Level	Required level	Strength	Intelligence	Mana Cost	Duration	Radius	Fire Resist.	Ignite Chance	Exp.		
	1	19	21	30	30	9.0s	N/A	30%	10%	81983		
	2	23	25	35	34	9.1s	5%	31%	10%	63765		
	3	25	26	38	36	9.2s	10%	32%	10%	135415		
	4	28	29	42	38	9.3s	15%	33%	10%	199345		
	5	31	32	46	42	9.4s	20%	34%	10%	285815		
	6	34	35	50	44	9.5s	25%	35%	11%	401344		
	7	37	37	54	48	9.6s	30%	36%	11%	554379		
	8	40	40	58	50	9.7s	35%	37%	11%	755049		
	9	43	43	62	54	9.8s	40%	38%	11%	1016533		
	10	46	46	66	56	9.9s	45%	39%	11%	1355511		
	11	49	48	70	60	10.0s	50%	40%	12%	1791769		
	12	52	51	74	61	10.1s	55%	41%	12%	1498138		
	13	54	53	76	62	10.2s	60%	42%	12%	1790934		
	14	56	55	79	64	10.3s	65%	43%	12%	3351223		
	15	58	57	82	65	10.4s	70%	44%	12%	9922564		
	16	60	59	84	66	10.5s	75%	45%	13%	21318990		
	17	62	60	87	67	10.6s	80%	46%	13%	50639372		
	18	64	62	90	68	10.7s	85%	47%	13%	89968595		
	19	66	64	92	69	10.8s	90%	48%	13%	146938899		
	20	68	66	95	70	10.9s	95%	49%	14%	N/A		
Flesh Offering	Level	Required level	Intelligence	Mana Cost	Increased Attack Speed	Increased Movement Speed	Increased Cast Speed	Exp.				
	1	24	58	20	30%	30%	30%	118383				
	2	27	64	22	31%	30%	31%	175816				
	3	30	71	24	31%	31%	31%	254061				
	4	33	77	25	32%	31%	32%	225766				
	5	35	81	27	32%	32%	32%	447718				
	6	38	88	28	33%	32%	33%	388734				
	7	40	92	29	33%	33%	33%	755049				
	8	43	98	31	34%	33%	34%	1016533				
	9	46	104	32	34%	34%	34%	860401				
	10	48	109	33	35%	34%	35%	1038201				
	11	50	113	34	35%	35%	35%	1248678				
	12	52	117	36	36%	35%	36%	1498138				
	13	54	121	37	36%	36%	36%	1790934				
	14	56	125	37	37%	36%	37%	3351223				
	15	58	130	38	37%	37%	37%	9900250				
	16	60	134	38	38%	37%	38%	21274363				
	17	62	138	39	38%	38%	38%	50550118				
	18	64	142	39	39%	38%	39%	89834713				
	19	66	146	40	39%	39%	39%	146782704				
	20	68	151	41	40%	39%	40%	N/A				
Freezing Pulse	Level	Required level	Intelligence	Mana Cost	Cold Damage	Exp.						
	1	1	N/A	4	5–7	70						
	2	2	N/A	5	5–8	308						
	3	4	16	5	6–9	2560						
	4	8	25	6	9–13	8813						
	5	12	33	8	12–18	22895						
	6	16	41	9	16–24	68427						
	7	21	52	10	22–32	150439						
	8	26	62	12	28–43	581328						
	9	32	75	14	39–58	566989						
	10	38	88	16	52–78	1143783						
	11	42	96	17	62–93	1426490						
	12	46	104	18	74–111	2737323						
	13	49	111	19	84–127	3289072						
	14	52	117	20	96–144	3351223						
	15	55	123	21	109–163	9936267						
	16	58	130	22	123–184	21346397						
	17	61	136	22	138–208	50694186						
	18	64	142	22	156–234	90050815						
	19	66	146	23	168–253	147034823						
	20	68	151	23	182–273	N/A						
Frost Wall	Level	Required level	Intelligence	Mana Cost	Cold Damage	Duration	Wall Length	Exp.				
	1	19	48	20	4–6	1.25s	20	81983				
	2	23	56	23	5–7	1.30s	20	63765				
	3	25	60	24	5–8	1.35s	21	135415				
	4	28	67	26	6–9	1.40s	21	199345				
	5	31	73	28	7–10	1.45s	22	285815				
	6	34	79	30	8–12	1.50s	22	401344				
	7	37	85	32	9–13	1.55s	23	554379				
	8	40	92	34	10–15	1.60s	23	755049				
	9	43	98	36	11–16	1.65s	24	1016533				
	10	46	104	37	12–18	1.70s	24	1355511				
	11	49	111	39	13–20	1.75s	25	1791769				
	12	52	117	41	15–22	1.80s	25	1498138				
	13	54	121	42	16–23	1.85s	26	1790934				
	14	56	125	43	17–25	1.90s	26	3351223				
	15	58	130	43	18–26	1.95s	27	9922564				
	16	60	134	44	19–28	2.00s	27	21318990				
	17	62	138	44	20–30	2.05s	28	50639372				
	18	64	142	45	21–32	2.10s	28	89968595				
	19	66	146	46	22–33	2.15s	29	146938899				
	20	68	151	46	24–35	2.20s	30	N/A				
Frostbite	Level	Required level	Dexterity	Intelligence	Mana Cost	Duration	Radius	Enemy Lowered Cold Resistance	Additional Chance to Freeze	Exp.		
	1	19	21	30	30	9.0s	N/A	30%	10%	81983		
	2	23	25	35	34	9.1s	5%	31%	10%	63765		
	3	25	26	38	36	9.2s	10%	32%	10%	135415		
	4	28	29	42	38	9.3s	15%	33%	10%	199345		
	5	31	32	46	42	9.4s	20%	34%	10%	285815		
	6	34	35	50	44	9.5s	25%	35%	11%	401344		
	7	37	37	54	48	9.6s	30%	36%	11%	554379		
	8	40	40	58	50	9.7s	35%	37%	11%	755049		
	9	43	43	62	54	9.8s	40%	38%	11%	1016533		
	10	46	46	66	56	9.9s	45%	39%	11%	1355511		
	11	49	48	70	60	10.0s	50%	40%	12%	1791769		
	12	52	51	74	61	10.1s	55%	41%	12%	1498138		
	13	54	53	76	62	10.2s	60%	42%	12%	1790934		
	14	56	55	79	64	10.3s	65%	43%	12%	3351223		
	15	58	57	82	65	10.4s	70%	44%	12%	9922564		
	16	60	59	84	66	10.5s	75%	45%	13%	21318990		
	17	62	60	87	67	10.6s	80%	46%	13%	50639372		
	18	64	62	90	68	10.7s	85%	47%	13%	89968595		
	19	66	64	92	69	10.8s	90%	48%	13%	146938899		
	20	68	66	95	70	10.9s	95%	49%	14%	N/A		
Glacial Cascade	Level	Required level	Intelligence	Mana Cost	Physical Damage	Cold Damage	Exp.					
	1	10	29	9	3	5	6	8	9569			
	2	13	35	12	4	6	7	11	18908			
	3	16	41	13	5	7	9	13	33871			
	4	19	48	15	6	9	11	16	56446			
	5	22	54	16	7	11	13	20	89302			
	6	25	60	18	8	13	16	24	135415			
	7	28	67	19	10	15	19	28	283759			
	8	32	75	21	13	19	23	35	453996			
	9	36	83	23	16	24	29	44	703128			
	10	40	92	25	19	30	36	54	1061223			
	11	44	100	27	24	36	44	66	1570760			
	12	47	106	28	27	42	51	77	2286879			
	13	50	113	30	32	49	59	89	3289072			
	14	53	119	31	37	56	68	102	3351223			
	15	56	125	32	42	65	78	118	9935033			
	16	59	132	32	48	74	90	135	21343930			
	17	62	138	33	55	85	103	155	50689250			
	18	64	142	33	61	93	112	169	90043412			
	19	66	146	34	66	102	123	185	147026187			
	20	68	151	34	72	111	134	203	N/A			
Ice Nova	Level	Required level	Intelligence	Mana Cost	Cold Damage	Exp.						
	1	1	N/A	8	3	5	70					
	2	2	N/A	9	4	6	308					
	3	4	16	10	4	7	2560					
	4	8	25	11	6	10	8813					
	5	12	33	14	9	14	22895					
	6	16	41	16	12	18	68427					
	7	21	52	19	16	25	150439					
	8	26	62	22	22	34	581328					
	9	32	75	25	30	47	566989					
	10	38	88	28	41	65	1143783					
	11	42	96	31	50	79	1426490					
	12	46	104	33	61	95	2737323					
	13	49	111	34	70	110	3289072					
	14	52	117	36	81	126	3351223					
	15	55	123	37	92	144	9936267					
	16	58	130	38	105	165	21346397					
	17	61	136	39	120	188	50694186					
	18	64	142	39	137	214	90050815					
	19	66	146	40	149	233	147034823					
	20	68	151	40	162	253	N/A					
Ice Spear	Level	Required level	Intelligence	Mana Cost	Cold Damage	Chill Duration	Exp.					
	1	4	16	6	6–9	40%	841					
	2	6	20	7	7–10	42%	3099					
	3	9	27	8	9–13	44%	7433					
	4	12	33	10	11–17	46%	15249					
	5	15	39	12	13–20	48%	41517					
	6	19	48	14	17–26	50%	81983					
	7	23	56	16	22–33	52%	199180					
	8	28	67	18	28–43	54%	604431					
	9	33	77	21	36–54	56%	631832					
	10	39	90	24	48–72	58%	959669					
	11	43	98	26	57–86	60%	1426490					
	12	46	104	28	65–98	62%	2737323					
	13	49	111	30	74–111	64%	3289072					
	14	52	117	31	84–126	66%	3351223					
	15	55	123	32	95–142	68%	9936192					
	16	58	130	33	107–160	70%	21346246					
	17	61	136	33	120–180	72%	50693883					
	18	64	142	34	135–202	74%	90050361					
	19	66	146	34	145–218	76%	147034294					
	20	68	151	35	157–235	78%	N/A					
Incinerate	Level	Required level	Intelligence	Mana Cost	Fire Damage	Exp.						
	1	10	29	5	3–4	9569						
	2	13	35	5	3–5	18908						
	3	16	41	6	4–6	33871						
	4	19	48	6	5–8	56446						
	5	22	54	7	6–10	89302						
	6	25	60	7	8–12	135415						
	7	28	67	7	9–14	283759						
	8	32	75	8	12–17	453996						
	9	36	83	8	14–22	703128						
	10	40	92	8	18–27	1061223						
	11	44	100	9	22–33	1570760						
	12	47	106	9	25–38	2286879						
	13	50	113	9	29–44	3289072						
	14	53	119	9	34–51	3351223						
	15	56	125	10	39–59	9935033						
	16	59	132	10	45–68	21343930						
	17	62	138	10	52–78	50689250						
	18	64	142	10	57–85	90043412						
	19	66	146	10	62–93	147026187						
	20	68	151	11	68–102	N/A						
Lightning Trap	Level	Required level	Dexterity	Intelligence	Mana Cost	Lightning Damage	Exp.					
	1	10	N/A	8	9	1–27	9569					
	2	13	15	22	9	2–34	18908					
	3	16	18	26	9	2–42	33871					
	4	19	21	30	15	3–51	56446					
	5	22	24	34	16	3–61	89302					
	6	25	26	38	18	4–72	135415					
	7	28	29	42	19	4–85	283759					
	8	32	33	47	21	5–99	453996					
	9	36	37	53	23	7–128	703128					
	10	40	40	58	25	8–155	1061223					
	11	44	44	63	27	10–186	1570760					
	12	47	47	67	28	11–213	2286879					
	13	50	49	71	30	13–243	3289072					
	14	53	52	75	31	15–277	3351223					
	15	56	55	79	32	15–284	9935033					
	16	59	58	83	34	17–320	21343930					
	17	62	60	87	35	19–360	50689250					
	18	64	62	64	90	20–389	90043412					
	19	66	64	92	37	22–420	147026187					
	20	68	66	95	38	27–514	N/A					
Lightning Warp	Level	Required level	Intelligence	Mana Cost	Lightning Damage	Reduced Duration	Exp.					
	1	24	58	26	3–51	N/A	118383					
	2	27	64	28	3–62	2%	175816					
	3	30	71	30	4–74	4%	254061					
	4	33	77	32	5–88	6%	225766					
	5	35	81	33	5–99	8%	447718					
	6	38	88	36	6–117	10%	388734					
	7	40	92	37	7–130	12%	755049					
	8	43	98	39	8–153	14%	1016533					
	9	46	104	41	9–180	16%	860401					
	10	48	109	42	10–199	18%	1038201					
	11	50	113	44	12–221	20%	1248678					
	12	52	117	45	13–244	22%	1498138					
	13	54	121	46	14–270	24%	1790934					
	14	56	125	47	16–299	26%	3351223					
	15	58	130	48	17–330	28%	9900250					
	16	60	134	49	19–364	30%	21274363					
	17	62	138	49	21–401	32%	50550118					
	18	64	142	50	23–441	34%	89834713					
	19	66	146	51	26–485	36%	146782704					
	20	68	151	51	28–534	38%	N/A					
Power Siphon	Level	Required level	Intelligence	Mana Cost	Increased Physical Damage	Exp.						
	1	10	29	15	0%	9569						
	2	13	35	15	4%	18908						
	3	16	41	15	8%	33871						
	4	19	48	15	12%	56446						
	5	22	54	15	16%	89302						
	6	25	60	16	20%	135415						
	7	28	67	16	24%	283759						
	8	32	75	16	28%	453996						
	9	36	83	16	32%	703128						
	10	40	92	16	36%	1061223						
	11	44	100	17	40%	1570760						
	12	47	106	17	44%	2286879						
	13	50	113	17	48%	3289072						
	14	53	119	17	52%	3351223						
	15	56	125	17	56%	9935033						
	16	59	132	18	60%	21343930						
	17	62	138	18	64%	50689250						
	18	64	142	18	68%	90043412						
	19	66	146	18	72%	147026187						
	20	68	151	18	76%	N/A						
Purity of Elements	Level	Required level	Strength	Intelligence	Radius	Resist.	Exp.					
	1	31	32	46	N/A	12%	179320					
	2	33	34	49	3%	13%	225766					
	3	35	36	51	6%	14%	282073					
	4	37	37	54	9%	15%	349759					
	5	39	39	57	12%	15%	431204					
	6	41	41	59	15%	16%	528465					
	7	43	43	62	18%	17%	644165					
	8	45	45	65	21%	18%	782325					
	9	47	47	67	23%	19%	945554					
	10	49	48	70	25%	20%	1138877					
	11	51	50	72	27%	20%	1368233					
	12	53	52	75	29%	21%	1638338					
	13	55	54	78	31%	22%	1956648					
	14	57	56	80	33%	23%	2329968					
	15	59	58	83	35%	24%	9826462					
	16	61	60	86	36%	25%	21126787					
	17	63	61	88	37%	25%	50254966					
	18	65	63	91	38%	26%	89391985					
	19	67	65	94	39%	27%	146266188					
	20	69	67	96	40%	27%	N/A					
Purity of Lightning	Level	Required level	Intelligence	Radius	Resist.	Max. Resist.	Exp.					
	1	10	29	N/A	20%	N/A	9569					
	2	13	35	3%	21%	N/A	18908					
	3	16	41	6%	22%	N/A	33871					
	4	19	48	9%	23%	N/A	56446					
	5	22	54	12%	24%	1%	89302					
	6	25	60	15%	25%	1%	135415					
	7	28	67	18%	26%	1%	283759					
	8	32	75	21%	27%	1%	453996					
	9	36	83	23%	28%	1%	703128					
	10	40	92	25%	29%	1%	1061223					
	11	44	100	27%	30%	2%	1570760					
	12	47	106	29%	31%	2%	2286879					
	13	50	113	31%	32%	2%	3289072					
	14	53	119	33%	33%	2%	3351223					
	15	56	125	35%	34%	2%	9935033					
	16	59	132	36%	35%	2%	21343930					
	17	62	138	37%	36%	3%	50689250					
	18	64	142	38%	37%	3%	90043412					
	19	66	146	39%	38%	3%	147026187					
	20	68	151	40%	39%	4%	N/A					
Raise Spectre	Level	Required level	Intelligence	Mana Cost	Less Life	Less Energy Shield	Less Damage	Exp.				
	1	19	48	20	50%	50%	40%	81983				
	2	23	56	23	45%	45%	35%	63765				
	3	25	60	24	40%	40%	31%	135415				
	4	28	67	26	37%	37%	27%	199345				
	5	31	73	28	34%	34%	24%	285815				
	6	34	79	30	31%	31%	21%	401344				
	7	37	85	32	28%	28%	18%	554379				
	8	40	92	34	26%	26%	16%	755049				
	9	43	98	36	24%	24%	14%	1016533				
	10	46	104	37	22%	22%	12%	1355511				
	11	49	111	39	20%	20%	10%	1791769				
	12	52	117	41	19%	19%	9%	1498138				
	13	54	121	42	18%	18%	8%	1790934				
	14	56	125	43	17%	17%	7%	3351223				
	15	58	130	43	16%	16%	6%	9922564				
	16	60	134	44	15%	15%	5%	21318990				
	17	62	138	44	14%	14%	4%	50639372				
	18	64	142	45	13%	13%	3%	89968595				
	19	66	146	46	12%	12%	2%	146938899				
	20	68	151	46	10%	10%	0%	N/A				
Raise Zombie	Level	Required level	Intelligence	Mana Cost	Health	Armour	Fire Res.	Cold Res.	Lightning Res.	Damage	APS	Exp.
	1	1	N/A	9	27	4	10%	20%	10%	6-15	0.625	70
	2	2	N/A	10	32	5	10%	20%	10%	7-16	0.625	308
	3	5	18	11	43	8	10%	20%	10%	10-22	0.625	2560
	4	8	25	13	59	13	10%	20%	10%	12-29	0.625	8813
	5	12	33	16	81	21	10%	20%	10%	17-41	0.625	22895
	6	16	41	18	110	30	10%	20%	10%	24-55	0.625	68427
	7	21	52	21	160	45	10%	20%	10%	33-78	0.625	150439
	8	26	62	25	223	68	10%	20%	10%	46-108	0.625	581328
	9	32	75	28	326	101	10%	20%	10%	67-156	0.625	566989
	10	38	88	32	470	152	18%	37%	18%	95-222	0.625	1143783
	11	42	96	35	596	191	18%	37%	18%	119-279	0.625	1426490
	12	46	104	37	749	244	18%	37%	18%	149-347	0.625	2737323
	13	49	111	39	887	285	18%	37%	18%	175-409	0.625	3289072
	14	52	117	41	1046	340	18%	37%	18%	206-480	0.625	3351223
	15	55	123	43	1231	396	32%	65%	32%	241-561	0.625	9936267
	16	58	130	44	1447	469	32%	65%	32%	328-765	0.625	21346397
	17	61	136	44	1699	544	32%	65%	32%	328-765	0.625	50694186
	18	64	142	45	1989	641	32%	65%	32%	382-891	0.625	90050815
	19	66	146	46	2210	714	32%	65%	32%	422-985	0.625	147034823
	20	68	151	46	2450	795	32%	65%	32%	466-1088	0.625	N/A
Righteous Fire	Level	Required level	Strength	Intelligence	Spell Damage	Exp.						
	1	19	21	30	40%	81983						
	2	23	25	35	41%	63765						
	3	25	26	38	42%	135415						
	4	28	29	42	43%	199345						
	5	31	32	46	44%	285815						
	6	34	35	50	45%	401344						
	7	37	37	54	46%	554379						
	8	40	40	58	47%	755049						
	9	43	43	62	48%	1016533						
	10	46	46	66	49%	1355511						
	11	49	48	70	50%	1791769						
	12	52	51	74	51%	1498138						
	13	54	53	76	52%	1790934						
	14	56	55	79	53%	3351223						
	15	58	57	82	54%	9922564						
	16	60	59	84	55%	21318990						
	17	62	60	87	56%	50639372						
	18	64	62	90	57%	89968595						
	19	66	64	92	58%	146938899						
	20	68	66	95	59%	N/A						
Shock Nova	Level	Required level	Intelligence	Mana Cost	Lightning Damage	Exp.						
	1	10	29	10	2–35	9569						
	2	13	35	12	2–43	18908						
	3	16	41	13	3–53	33871						
	4	19	48	15	3–64	56446						
	5	22	54	16	4–77	89302						
	6	25	60	18	5–91	135415						
	7	28	67	19	6–108	283759						
	8	32	75	21	7–133	453996						
	9	36	83	23	9–162	703128						
	10	40	92	25	10–196	1061223						
	11	44	100	27	12–236	1570760						
	12	47	106	28	14–271	2286879						
	13	50	113	30	16–309	3289072						
	14	53	119	31	19–352	3351223						
	15	56	125	32	21–400	9935033						
	16	59	132	34	24–454	21343930						
	17	62	138	35	27–514	50689250						
	18	64	142	36	29–558	90043412						
	19	66	146	37	32–605	147026187						
	20	68	151	38	35–656	N/A						
Spark	Level	Required level	Intelligence	Mana Cost	Lightning Damage	Exp.						
	1	1	N/A	5	1	8	70					
	2	2	N/A	6	1	10	308					
	3	4	16	7	1	12	2560					
	4	8	25	8	1	16	8813					
	5	12	33	9	1	20	22895					
	6	16	41	11	1	27	68427					
	7	21	52	13	2	36	150439					
	8	26	62	15	3	48	581328					
	9	32	75	17	3	65	566989					
	10	38	88	20	5	86	1143783					
	11	42	96	21	5	104	1426490					
	12	46	104	23	7	124	2737323					
	13	49	111	24	7	140	3289072					
	14	52	117	25	8	159	3351223					
	15	55	123	26	9	180	9936267					
	16	58	130	27	11	203	21346397					
	17	61	136	27	12	229	50694186					
	18	64	142	28	14	258	90050815					
	19	66	146	28	15	278	147034823					
	20	68	151	29	16	300	N/A					
Storm Call	Level	Required level	Intelligence	Mana Cost	Lightning Damage	Exp.						
	1	4	16	4	1	15	841					
	2	6	20	5	1	18	3099					
	3	9	27	6	1	24	7433					
	4	12	33	7	2	30	15249					
	5	15	39	7	2	38	41517					
	6	19	48	8	3	50	81983					
	7	23	56	9	3	65	199180					
	8	28	67	10	5	87	604431					
	9	33	77	12	6	115	631832					
	10	39	90	13	8	159	956669					
	11	43	98	14	10	194	1426490					
	12	46	104	15	12	225	2737323					
	13	49	111	15	14	261	3289072					
	14	52	117	16	16	301	3351223					
	15	55	123	16	18	347	9936192					
	16	58	130	17	21	398	21346246					
	17	61	136	17	24	457	50693883					
	18	64	142	18	28	523	90050361					
	19	66	146	18	30	572	147034294					
	20	68	151	18	33	625	N/A					
Summon Skeletons	Level	Required level	Intelligence	Mana Cost	Health	Damage	APS	Max. Skeletons	Exp.			
	1	10	29	10	32	6-15	0.93	4	9569			
	2	13	35	12	41	8-19	0.93	4	18908			
	3	16	41	18	51	10-24	0.93	4	33871			
	4	19	48	15	64	13-30	0.93	4	56446			
	5	22	54	16	80	16-36	0.93	4	89302			
	6	25	60	18	98	19-44	0.93	4	135415			
	7	28	67	19	119	23-54	0.93	4	283759			
	8	32	75	28	152	29-68	0.93	4	453996			
	9	36	83	30	195	37-87	0.93	5	703128			
	10	40	92	33	247	47-109	0.93	5	1061223			
	11	44	100	36	312	58-136	0.93	5	1570760			
	12	47	106	37	370	69-160	0.93	5	2286879			
	13	50	113	39	437	81-188	0.93	5	3289072			
	14	53	119	41	516	95-221	0.93	5	3351223			
	15	56	125	43	607	111-258	0.93	5	9935033			
	16	59	132	43	713	129-302	0.93	6	21343930			
	17	62	138	44	836	151-352	0.93	6	50689250			
	18	64	142	44	928	167-389	0.93	6	90043412			
	19	66	146	45	1031	184-430	0.93	6	147026187			
	20	68	151	46	1143	204-475	0.93	6	N/A			
Tempest Shield	Level	Required level	Strength	Intelligence	Lightning Damage	Exp.						
	1	10	N/A	18	9–13	9569						
	2	13	15	22	11–17	18908						
	3	16	18	26	13–20	33871						
	4	19	21	30	16–24	56446						
	5	22	24	34	19–29	89302						
	6	25	26	38	23–34	135415						
	7	28	29	42	27–40	283759						
	8	32	33	47	32–49	453996						
	9	36	37	53	39–59	703128						
	10	40	40	58	47–70	1061223						
	11	44	44	63	56–84	1570760						
	12	47	47	67	64–96	2286879						
	13	50	49	71	72–108	3289072						
	14	53	52	75	82–123	3351223						
	15	56	55	79	92–138	9935033						
	16	59	58	83	104–156	21343930						
	17	62	60	87	117–175	50689250						
	18	64	62	90	126–189	90043412						
	19	66	64	92	136–204	147026187						
	20	68	66	95	147–220	N/A						
Vulnerability	Level	Required level	Intelligence	Mana Cost	Dur.	Radius	Stun Chance	Block and Stun	Energy Shield Delay	Energy Shield Regen	Physical Damage	Exp.
	1	24	58	36	9.9s	N/A	10%	20%	35%	50%	25%	118383
	2	27	64	38	10.01s	5%	10%	21%	36%	51%	25%	175816
	3	30	71	40	10.12s	10%	10%	21%	37%	52%	26%	254061
	4	33	77	44	10.23s	15%	10%	22%	38%	53%	26%	225766
	5	35	81	46	10.34s	20%	11%	22%	39%	54%	27%	447718
	6	38	88	48	10.45s	25%	11%	23%	40%	55%	27%	388734
	7	40	92	50	10.56s	30%	11%	23%	41%	56%	28%	755049
	8	43	98	54	10.67s	35%	11%	24%	42%	57%	28%	1016533
	9	46	104	56	10.78s	40%	12%	24%	43%	58%	29%	860401
	10	48	109	58	10.89s	45%	12%	25%	44%	59%	29%	1038201
	11	50	113	60	11.0s	50%	12%	25%	45%	60%	30%	1248678
	12	52	117	61	11.11s	55%	12%	26%	46%	61%	30%	1498138
	13	54	121	62	11.22s	60%	13%	26%	47%	62%	31%	1790934
	14	56	125	64	11.33s	65%	13%	27%	48%	63%	31%	3351223
	15	58	130	65	11.44s	70%	13%	27%	49%	64%	32%	9900250
	16	60	134	66	11.55s	75%	13%	28%	50%	65%	32%	21274363
	17	62	138	67	11.66s	80%	14%	28%	51%	66%	33%	50550118
	18	64	142	68	11.77s	85%	14%	29%	52%	67%	33%	89834713
	19	66	146	69	11.88s	90%	14%	29%	53%	68%	34%	146782704
	20	68	151	70	11.99s	95%	14%	30%	54%	69%	34%	N/A
Wrath	Level	Required level	Intelligence	Radius	Lightning Damage	Exp.						
	1	10	29	N/A	1-16	9569						
	2	13	35	3%	1-20	18908						
	3	16	41	6%	2-25	33871						
	4	19	48	9%	2-30	56446						
	5	22	54	12%	2-35	89302						
	6	25	60	15%	3-42	135415						
	7	28	67	18%	3-49	283759						
	8	32	75	21%	4-60	453996						
	9	36	83	23%	5-73	703128						
	10	40	92	25%	5-88	1061223						
	11	44	100	27%	7-105	1570760						
	12	47	106	29%	7-120	2286879						
	13	50	113	31%	9-136	3289072						
	14	53	119	33%	10-155	3351223						
	15	56	125	35%	11-175	9935033						
	16	59	132	36%	12-198	21343930						
	17	62	138	37%	14–223	50689250						
	18	64	142	38%	15-241	90043412						
	19	66	146	39%	16-261	147026187						
	20	68	151	40%	18-282	N/A						
